address,allocation
0xd3741d77b94997da4aea15416e708a4b8fc8b4c0,"798,290.73"
0x100edd1aee01efe16809f6a99db8b07e577be552,"250,000"
0x5c42cc4837e4f52f4ab737e14ee7604f5deb8067,"134,498.39"
0xe99bfc1e9f62fbd734d5a67c700c44ca2d1d4e04,"109,682.16"
0xee02cd75afd7a69bcaf06214fa8cbf883f60565e,"66,608.75"
0xd8637bcdbfbdffa49c12ddf96ebae6429013df9a,"65,750.87"
0x182d6bb4de60e153ea82419e6aa92d157da14d76,"54,750"
0x312e1a0d4c29a42c61ca59c948178f22cd50fb22,"43,826.92"
0x238377b42128b67d6182b992401b880ad30cb188,"29,556.40"
0x5abd87df4202f5794e280351fac0cd8a86cf8bd2,"26,081.38"
0x0dd761060adba486caa5cce2b57ba8445986851d,"25,295.73"
0x7d024516490096ee7a517340d327fc4084025952,"24,599.16"
0xdd73e45cb4268bc87b495c6eef7e5c2694073d43,"20,671.15"
0xb2c31ce566260e8d025dc3d3e6b2334f0a1f49ec,"20,457.32"
0xa76efbe3e949e07c2114fb4c825acd5a0d8c5f56,"20,382.19"
0x6e1950b7dab20c1bfd002e111ab8e6c4f4787086,"22,426.41"
0x593e4dcd01b67623b1d4510e2fd996a46430eeba,"18,133.23"
0x1db089af4e5287050c5be3d2b54300deb8c65100,"17,741.34"
0xd7d21a725ec76c87300ca686f56c40828a80a22e,"16,600"
0x1db24f08cdde40f130dbcd38d52c3905027860c2,"16,722.93"
0xfbd2020abc89509d74b1fe6282ceabd1fa563a48,"15,750.42"
0x0bae1695ad0034e0eb1c121df904ab919ae4951a,"15,225.66"
0xfd822620d436432c0e59621d4b9d2f7f9c8754c7,"14,380.94"
0xc3909f5017148a87ee974df47a38ce6ef3583ce8,"14,317"
0xba0a9aaee66676ba6d27891a1dca36223792319c,"13,251.22"
0x644fa8aa088cad5bcdf78bb0e7c1bf1cb399e475,"11,642.13"
0x9688f23a13cfea2b95d940447787af641aa884bc,"11,459.32"
0x86112d226781e0ce0bf7f4cb1ae8b53fa07bad86,"10,650"
0xc1dd0f01ee04cb453e622c3608aab2bb35a1bae3,"10,463"
0xb0ebcbed319ac337c581af287fed8466801a56fd,"10,267.93"
0x93a61277b0eebdd22a14fe043983b4d9f688af4d,"9,949.74"
0x3c7066f173b665c8956140a006335c93c079fa61,"9,603.45"
0x9dc75a58067356fd6761c1ecd60dd4ba39be38d7,"9,497.69"
0x124103845d3c80cca7f2883ad500b250cfa5747e,"9,204.04"
0xfd78213fa127a83913e6dbc8edd39b9911df351e,"8,804.56"
0x7c36ca2b6a802acec1bd3bd7f5b33ef40b823a7e,"7,947.90"
0xaa9900618913c4a2a2d5cd834664c079b1abf661,"7,740.60"
0x3774e0eb060ec2c381c1b5936f2dd745e2711c8d,"7,276.80"
0xb72de6d5304cde00a1987f22d147bf067b4bef97,"15,215.80"
0x7c1f4e57924c7d3b6e79ab2aee604473a88047bc,"7,140.00"
0x51d3e91e4710aaa6f225e4f8264d51afeffdaf47,"7,007.40"
0x6d6324f1c92e8dbf1c53fc50272011b6e0f96733,"6,784.51"
0x38d847365ce6cc24db339d6c71bdf361ec572f0f,"6,421.54"
0xf2eae0d263c9d8bda97dabb9af69c4326719c085,"6,284.18"
0x01ee7d32441ee6204cac940a43ef7c24d5649e8b,"6,223.97"
0x198cbc11a207cbc033bce9d93589858443420fc8,"6,079.47"
0x196c64e9f2ac2136a4719cc47c1cb7792b959bce,"5,517.83"
0x3821beef5d4b90412a251f0f29fad256222c03c1,"5,672.90"
0x75070cecdfb0e88498907e4a0041076840a34fe4,"5,672.71"
0xfc25e704a23ab651d189d8c8c2221f07166457da,"5,489.15"
0x21419a1f3ca53f6b38e41ee8984b892a5c63b97c,"5,350.24"
0x833a320f48422386a85b58258e5913763e0c94db,"5,069.19"
0xb95469844d05fe584d3e4310db99523bdbe8fb3c,"5,053.18"
0xf75567274dd14d3a4ce6b51ad816e005ab4ddcb3,"5,000"
0xe741dfed11176a6b970b8af750eb2c7f56839e61,"4,889.14"
0x36b8d233d6d790914c189af8eaf884e2701f1567,"4,680.95"
0x452a3750837a991b8cad61481f640e314d744f2e,"4,597.15"
0x603b50cea59fb658aebbbc4be13f8e105ad1fefc,"4,904.85"
0x668f7666205d7b430996477431c9e135082a6b3b,"4,514.18"
0xbd486bc136ad580d34a977aa7334a5e7a59ff303,"4,474.60"
0x2348560180daf115602d6b0de6be11172badb7c2,"4,445.06"
0x5a1cbc3830f59e40d53189314dd3809ebb0690fd,"11,932.30"
0x6a01eeb4bd10f1091dd7a86a290a229c32a5eb2d,"4,082.60"
0x5fa54509121c7decbc226b3da3c0d02e50a99173,"4,524.12"
0xb3044b2c97541ea5168682b45f2bacdea9f108c8,"11,444.11"
0xbd13ad4e7ae80bcefbb6b7c97fe6551b95f50724,"3,973.24"
0x5a741d5bef91cac620fb24d6d4f5d502342fe7cd,"3,751.62"
0x0a7cc7682e1c0ec123fb28b86ab12ac3d6bbda64,"3,674.06"
0xfae83ca0463d835404769a959a182037b02bff08,"3,845.01"
0x354194cae86dabe1db2c935ec6107027784ff1dc,"3,516.75"
0x39fc07f023b7737f7be1fcb676ddf21038ec5477,"3,508"
0x907c67b137184abc9638770326256cf5f449a6ae,"3,344.32"
0xf2d6e687f61334daf2530d82d94a138e6ee3bc76,"3,492.43"
0xdc7e9270efa668a3b467a40743a64d839818eb80,"3,214.16"
0x79c9ff8f35c88a9aea1d1f3d17b3fa2eefe2264c,"3,105"
0x66c52f8770332e5ff77dff66a739ee209408dd57,"3,076.95"
0x899b35c0114e95ab0130b8fde312777cc0d02187,"3,065.54"
0xd47300f29c7ece176c66a6225ebd6b625f72e319,"3,043.46"
0x601025d6ba342cc44a2dbc4c04ccc994841b5000,"3,000"
0x30958854fd7fabb676bd1a79686f62c955f89542,"3,367.44"
0x9e315e9701908501f6dc68a2af6e28a20c75d970,"2,811.13"
0x70b2c51825a2bd04d06e94c4e96dc265cfdebb49,"2,804.36"
0x676aa33a3a679d63618388ab0beadaa36bc8006e,"2,800"
0x0f44711ccc7b9b011da17720c57b2a9bed0755ec,"2,675.80"
0xd79a724b2f5655defbf85d8daa7f9adde649efb6,"2,768.60"
0x8add057d176c00943c61e46f894f89c450dbce8b,"2,309.97"
0xef503f037f1d54a382ec9378f872c3edacfa015e,"2,470.82"
0x4209d7fe83d729aa6de8fe60801554cd1c5ec4ba,"2,284.81"
0xca4085ca1c6c87e370864a0db0f8924c94bfac27,"2,361.67"
0x083c23237828e79d83d20011f06818a986d9aab4,"2,276.80"
0xd7caf84b5aacf7467ae73c754d83132d6e770b43,"2,100"
0x240d25294b65c130dfdc6f932158cef32ec1e9bf,"2,266.10"
0x4fbefdef2427d581a94cc07b076c2ac026ef56fd,"2,058.60"
0xac901e4b8fb3d0cc3076f4767dbe6d4b9daeeb43,"2,037.66"
0x98af038ece17851593570f53e21cb03fee909679,"2,010.37"
0xbe1840e5329e481d63d7aad3ac5338741b6eb47a,"2,185.89"
0xb9288023bcfdfa213f15d7efd1ac979a7cae1cd8,"2,003"
0x333881ae7ef24927254757be89e7097a2c6f3b99,"2,000"
0xa9dabdbfa778d0fcf728c259a8845bb029d448a9,"2,000"
0x26c908543838718dc89868e9dee230517fbfdbbc,"2,000"
0x867e31906afb12d85851a3c9fca70837ed0b0c50,"2,000"
0xaac03cb5ddc4296445311c60da00e74c443d33ba,"2,000"
0xd437769b39aba3f00225544557f8969ace4a4729,"1,990.12"
0x8d885de07657955791f85b4051d344f17a3c9b04,"1,981.26"
0x2ef45d8325c86aaf28efaec03b8438fa07908a63,"1,976.06"
0x3f20eb84a1dafc64526f6dd23e62f5fb8bf41cef,"1,964.80"
0xff5e04199df4c018f65eb231eb29298a165da05b,"1,947.68"
0x1eb74a0eb8829556ea45d76e4ff83738f3b87d47,"1,900"
0xada06cf79cfee602300782c61f88dce0abd48c59,"2,072.56"
0xbb36cfb247194056fd3b494c3f42673cdfd53f0b,"1,880.88"
0xb133a6cbe356664e05473cffd98b368acf731c98,"2,388.73"
0xcc439dec018463c3dbe742a8c41674883f327f85,"1,836.43"
0x5ac7e3aa957fd95a5b67af3c637ff06c811939c2,"1,835"
0x8e34a7e50b9e4fa03a57b8730d5e5274c9f6f729,"1,815.84"
0xd467b858d5a57a9ffa0f2cf7f5961c8d783ed80c,"1,806.65"
0x108965bcb91ce58679f8b9fe61eed4121c39b643,"1,800"
0x682287e344fec89772607ed0fcd837421c4d1247,"1,800"
0xf613b1f56b18a580f6853e563d333610801f52ae,"1,800"
0xe91e2accad18a6d773972d184322ba31f359331d,"1,800"
0x16adad35b6ba3166ad1b2950125df2bb1de8c62a,"2,151.06"
0x19474a1e90a915e824e8ca5b826f783adcfc61b6,"1,774.63"
0x55ec06d1c36036ae69dc11c52cd73939db334aee,"2,067.00"
0xdf057c2f9402b1905412df48892304c441d2de65,"1,702.50"
0xdc6fdb229744a5ad236d8e08975b197bfd0abadb,"1,686.65"
0xc1dbbc6af09505015e5510118db92f5d42313746,"1,646.97"
0xee36b2df592611c4175cdf0940db6a06a8ebab84,"1,638"
0xfe6c2447bf27e6b10107433799636230ead723a0,"1,783.00"
0xc150198c6f8cd4fc01840a9bcf54d686a44c6177,"1,557.82"
0xbedb7059937d6e9562b68a8b40fb3012d4b1e0a0,"1,587.16"
0x2bcb7d8de3c547052bf6bf91f355ed0819e4ed7b,"3,433.98"
0x890202b136ffcbbf2afcf20281ce119302dd5817,"1,527.16"
0xf69e9eb92f90878951a1045af27c7d87dd699b75,"1,700.60"
0x8ab60c037f4ffbfac016107dcb0aff2283bc1fba,"1,522.43"
0x6a6386030622a878da13d05f0ed6c4104a49086f,"1,512"
0x87677a233edc5b0cc1dd10a0108385456b48e50a,"1,512"
0xab9f3804bd8c3f538a7b2eeaa2d72ac517b91b6f,"1,500"
0xa0dd92cf7c962d52c300ce0882c072debeab0bb6,"1,500"
0xc49ed22ceea433565c87b71a1fa53bccf2defc89,"1,500"
0x9610743e7858ae4dca6de8e0dc5cbb66e792add5,"1,500"
0xed44180ee1b3e87f0772335828010cffb69614c3,"1,500"
0x69f298492b268a7de631e672917bb8b87b039089,"1,500"
0x366523eaa42ee0af34e2078961aa80d01e89eca8,"1,500"
0x736282d2efe0282c4106c05493dbe7e33e44265a,"1,500"
0xf7a2397e5a15d41ec08ad71997c9083ad42bb4ba,"1,500"
0x9b7d903403b5393dfe511fe434ab69c8b79d154c,"1,500"
0x0fd1163420aa83d547ea96aa72d953b70006143b,"1,500"
0x4132cb09fb9169606df026ecdc6f4b8425f60400,"1,500"
0x457d6f7aa775410401cba333ae676375b327bb06,"1,500"
0xe346ad5e5220f76f3a7da38c2253799c646c4dbb,"1,500"
0x61f2a9d251d0ba4445cb842c360daf5a08340bb3,"1,493.54"
0x4ef7716638f1f9359f9e0affb93d994be448cbdb,"1,482.16"
0xb941d414d4e3fe99402ca9c21e6fdecf40809188,"1,458.42"
0x2ae9188685453d711052af1b9e71e65970d0580b,"1,448"
0x4b3531b823d845f27452e5aff9baf8ee1f2b4029,"1,796.55"
0x24d09fff1ae28e042dce4cad6a6264dba3b1ae40,"1,420.40"
0x9e5afa5705199bc17c5364ac298509733037f6a7,"1,419.08"
0x8a86597d52177282445efc906d21b4500f5ad3b3,"1,400"
0x8783b0d4345f7946203527ebbc3ff859aa3cb172,"1,546.00"
0x90198fe54d949b541dac46fb64f0694f9ba41079,"1,330"
0xd8c0ca4dc7811f05274797fba937264ce81f7584,"1,329.29"
0x140b7f047e044b8441abd3a8cafbbdec8e5faa67,"1,302.92"
0xb5d62eb3ef09c2dd1b74e673712adb4c08444279,"1,300"
0xcbe14d4bc5f344ac44edad917900fbf09e4c5302,"1,286.90"
0x493086da72f28d9e1c5aa8c0620f5669874b6ef5,"1,281.19"
0xafb032214d58d04c5aa77452d142d91b20608b51,"1,265.02"
0xa387e643c016dc1e12f764915cefbb727e7141f1,"1,429.40"
0xaa75e5514e400f815ee451fcaf45cf82456f4740,"1,250"
0xc68ac02fd20017fcacf132ca687ca15cb4cac80a,"1,249.43"
0x6067fbb8bb07d9422ea4eb30f717be57385fa98e,"1,237.34"
0x42783aaaf8b1b9e3e786fb101d8c791b4926760d,"1,411.44"
0x3e12a69c9b133e4cd3e44ded3c044618b4d34f58,"1,218.90"
0x12ca70857a9d0f36275fba541ef81e27efe161ea,"1,212"
0x8cd39f5933db5b0b641497cdc456680c50513994,"1,200"
0xf547b236fa92ea989e7cbfabb9dd2ecde752b839,"1,200"
0x7a06e7610fa56d5173e10db08b7e6728a1869628,"1,200"
0x924ad0c6dd801a3ae130213225ddb4deb9bf9109,"1,200"
0x1b4488c36775271f6f723b5cde91a4e7df6143a4,"1,200"
0x42bab224c4a336891f2c9fc2891237709a418a23,"1,200"
0x781ce9fc22738d810f84fd5588def90f25224a5b,"1,200"
0x270e1844268d0eef88e2d04abcea07a805ab4cc8,"1,200"
0xbc724846c40a783b382a67d3d2337ae27c721017,"1,200"
0x481e65d9075c74f6d13b94b8f88becff2f78a44e,"1,200"
0xf4386fc43db309a3a91ca741d83ea34bd7c94445,"1,200"
0xfa18b900107275a626e108fdc810761a3f7769e2,"1,200"
0x9068450b0ee1765dd8761bd1cee17605473aa36f,"1,200"
0x1172fb2577cab660648250078a507056332384c9,"1,198.49"
0x3057d3928f92fc921d35e22bc84bed7cfce74e52,"1,193"
0x60231dec34cb67686405116a1432207c4cbc5c2e,"1,146.25"
0x2294f690d347dfe99fee2e3546605be3465931ff,"1,134.38"
0x792d5d34f1f9b02e281859ba6ab1e4725d24b94d,"1,130.43"
0xaadd01adfe6ccf610b3f28d4896e8ed789998907,"1,111.82"
0x416be6d7ee36693c3bab068ddfb77c575581e8eb,"1,279.86"
0x50d4a32276d93d2a1db90beddda67d0b591b05c0,"1,094.90"
0xacc11bde636b637138aa2932452ad9690e1bc0d7,"1,611.32"
0x3743f222e1e71e20188226288cafa533bc819ca1,"1,067.80"
0xa6aafdd9e8b77febb96bf60e853a905770a7ebd3,"1,066.20"
0x37d03b4bfa14311852a740acc0a80aca77bfaea7,"1,236.49"
0x084d9d403f65d278614543b15605c1846f76ae47,"1,026.09"
0x5cd9cb48cfb11c28a51bcae84b268d38708b4e6e,"1,021"
0x85911697f014fcf3e5f8d62c381ff80622977c47,"1,346.40"
0x19c16eca7a534d63943c5304cd4b5f0e521eae0a,"1,014"
0xb49356bfc33586efbcb4a3949bca5e08efb45f3e,"1,014"
0x2faab33ef02cba240da07afe8c6c95b38b1b62da,"1,005.53"
0x162482b2370ae071a24bdd9ff575d38f2724086f,"1,004.33"
0xb27f4a3287a4527a08049d8c38b53af2dd5070d7,"1,000"
0xa4d294ed32cb870fb6ee5f1ec03f581b5a3ee50e,"1,000"
0x79c7b8fa4b280b6059a41f84ae1e69789f5460ea,"1,000"
0x981abca8f25163f62db6dc7b543e00491edd8320,"1,000"
0xd0d83f483e8da1cf6bd13273b33c6ded78f74c01,"1,000"
0xc4ff90894930237784d012a614966cd335c21551,"1,000"
0x9a7b7dbf4c805705d8de57dcfa623aa292d09dde,"1,000"
0x8cb91a235ead5676ee02e39bf769d035f972be94,"1,000"
0xc3f0924a3cfce345234ff2fb6e3e7da6c963c4ec,"1,000"
0x92fb3935de3583ea4d8bafa9db5b01827f6a14f4,"1,000"
0xddb65d533d4c26516aa97a2f3826b4a6497aa546,"1,000"
0x9f194625b3bc639882e0e59b82794149d755b7be,993.5385714
0x2b354afbaf14bafcda73370eefeddb53ec18d28b,978.0991934
0x139e92ec45ff918aa15950733f7094171f42b543,1152.145902
0xe218ddb0cec0ce4e612a17d090ea72021e35795c,1135.730669
0xf7defb5ae37347f9d9da8e36ffaffd81f6e4517c,941.1459023
0x221d5ddcff331d22f4f9ac2bc1d8ab9c558dca17,940
0x765696f3984163bee9a522724e7296e66629b3e8,936.4323779
0x16311764d97d136c3800cdc6ccd726439ccc56de,901
0x3e7be85e78cb5b5b0bd5cb50a09fd921337d36cb,900
0x376ccd7102c5488f797b39d8138b47582c8c7a34,900
0x48cd7be6874041feefb20a4bf50cfe109ac28934,900
0x551a7a66cfcf2d180c9674d56f4923cd43ab7bc0,900
0x580c183a5c5c8c16409d2a50833656519d052663,900
0x70816eca1e5b1f6ca10506bd50f1b75617e29c2c,900
0x5f01047b0674e116281c8ecc91825f42640e5876,900
0xe4e1d93fc67ccb51fc2b8a779df5ac9236f41838,900
0x69b57d030f63d399610cd813af277f70db01549f,900
0xbfada6c7b52b4fe1e371d982c9af14b5f46c66b8,900
0xcdf396e2522b027838d72c292cba456e72b08a7f,900
0x53b7f43896cd49d31b0765db7bc8e1826d935c39,900
0x1217bb03d3cd492d87ee33f1035d536a2f1b5d7c,900
0xf12564fb64b4a66ca89fb6bebebc855fb20216cd,900
0x69638f61b8fda50b5f0583e9fdc53e0d370cc63f,900
0xb6857ee71aee66b1670959aee15edf20b3179345,900
0x8d990e21519507bebe63a515b2bb504abc1afde7,900
0x880b2a4b7c5ecb3d4a9f1515f33fce5c1a648549,900
0xdc222a7dd28336a0948b3d2b1f18242b7dfa3cb6,900
0xcfc63bc042ba26d517c1a5b758e6a692b7dd30e4,900
0x793bb00dc9c2c0bd4d9fd47601f7b6621036f573,900
0x4ed7ac0e9241db918a38155b3294fa4ac9bc2ec0,900
0x00a36d043196e60f8adeeb4872973c8f785e8936,900
0x81d3592939ff4979b49625bc39f5afa182b90ee2,900
0xeb3a776031e1f1effa70e5ae88a5adb7b0393450,900
0x02273472ab432d0a37b3547216045e2393c70d63,900
0xede3bc847072de869d24f4b9e80c2f99fde26cce,900
0x88d2683783fc579695bcc5940bd4f23248663822,900
0xea2244d86012a5e06ea5466841a9b0747614f886,900
0x1eb1c34f7c5baa8c009a41cef3a1831110db0617,900
0x41218f6153f2908a3a1f892194711cdad6212019,900
0x700576552377cec253669327f3b7d9ef8a152f93,900
0xe6bbb725c0499914568fe1e62c16bdfc6e37c3ee,900
0x24355faffa40f5011f5610672a8b4dc2025ea1de,900
0xe928aebceb063e7def8c22ee6d0cce7b5e3d6de1,900
0x2702195d5b5e8ac5ab9f78e8a905404fba5d3bd6,900
0x2fba63c5179ceae00dff8e550469af499294548c,900
0x1f08768c935925c1797b08f31ae3ff930f0a60fb,900
0x6c27d55e52e3bf85d6b0214c78410d03091319d2,900
0xf42a88778aeefea4033b1085d14ce0a3e492d41e,900
0x8d561481814add0826526847f1558039d26b2156,900
0x153c4e3e5213a4ada781c3b8349e751dbb0ce44a,900
0x82a349cc42d82a39ad364d93da1c5a96282064be,900
0x3649fc3d86a4afa60a77479cdc5749f4855aaed3,900
0xc1a60188407a8069451fe2fa71d3829e56ab81cc,900
0x919e0ed8684b1325376b838940702fd1088cd3ae,900
0x05eeab4d355b841dfc4d85015ca51b403b323014,900
0x05880288c69ba88b96005ea83c972efbb564e830,900
0x1dc65e0229a086b70a5fe92ab8a1379d929996d9,900
0x44eb40fce768ad1a70f06f78e8831959c913dbb5,900
0x2033676c3ffda0a0c7527fc244df7f7db5325eb7,900
0x9b9b569d9471b787157c9d682bd4af172df3b351,900
0x4af012ca6ca6830c0e6441a707178e6d44402fba,900
0x05cd827166be414bcdd34f83847c7c448a685357,900
0x5dcf87110c894acec52c025a9989d6d7bf7fffe3,900
0x89ba239dceed0e09f717c5d95e37c66fad79b9a1,900
0x01e7615f024fb796369d60e1edb35e80e31c83fa,900
0x334b33e968d0d23613371d5e4dfe5ba9be7676ef,900
0x232a9e5755569e1968b19e865b0658350d36f750,863.9751807
0xd619fb133f4796138593f63b2da47639177dd466,1209.529512
0xbace5bafae8e3795f8e3fe3be01daea8f4755e55,1019.597707
0xf8e74b08fcd96f31ef0cf181199538f439e5544c,850.5623779
0x87e060496f051fe0191067c4c30bb95a4692d8bf,831.3384766
0x1dd050434e398d71a335620d1426fa720bfd1ef4,817.3344375
0x471d671a8567a5f2672d0825fddc6259d114be47,1109.8
0x6568140cdda503bee44d5a234d78a47c0b1042fa,800
0xe2334c419ad09d9fb55e6388cab5478ee56006b2,749.9074649
0x27b31ea022ab51eef37244b4ff7b8ac3391a29a7,746.25
0xd34f39bf9ce95fb6962ce91b53183b836efb6fef,735.7714014
0xb4befa2f29883f715274021c82ffb78e934e0b49,721.3959023
0x8d1edafbaee27e886a1dbd110d93f92be57c8d63,719
0x346da4ec64b8d4237b638c73d20588169c297285,1055.8
0x4b9874e24cb9a0f7da9c02d53cfa875796446fbd,703.043884
0x8ad1cf445268d34e6fbf4200cc064ffadccd5beb,700.2971338
0x37e739fb0de5624a392ce622b04366039b647214,693.8095117
0xa9878931928a95b55a7b9af2068864559ad1b60e,686.4696816
0x01704b06b33c767499e7cbf1bf832e94d5255322,655.7828027
0x01872af835c893e7ef50e7e44ac711dba84f6d9a,655.7828027
0x02251f071bbd4e3daa432bffd03f9d37528e5f68,655.7828027
0x047d58665ca4184ba523377588e7d13eae579ef6,655.7828027
0x073f1df062223ba176caf63af42f9c79a4e7dda3,655.7828027
0x08ef7cc21910fd185f01a46d204217fc79434a86,655.7828027
0x0c52f4950386a0d54811def8b42b6238e7d3bb77,655.7828027
0x0df8a1c5c2f91dc73abe7f31034c915d9a250858,655.7828027
0x160399d669c02d6137d6788c9f1ded6fca237430,655.7828027
0x18a3492d8b63f4bcc911320eb7ed498f75c27d80,655.7828027
0x210f898f09f73bfa7cac694f3a90dd9439a9b73b,655.7828027
0x2b458723e1027f0b8e770e49fb3737e50fc6290f,655.7828027
0x38c5fc8d8f808cc5366b687d530b08af657f8184,655.7828027
0x763aa589bf569a8c74449c91af44db6a108d734e,821.8742676
0x4220d1a91f32d3f6f4c21e51b5f25b727295c475,641.5578125
0x45cca26fcdb6bc629a7d597041a95b26f173e585,636.4323779
0x59dd5cc35c15154cc1016d1d37b649ff38ee0a72,632.88
0xeb08dffb29b117ba699c8524a0e60cc116da7bc4,803.3425781
0x8da6662ab9e560bb9b39796df189d26527059670,797.9496816
0x8ac1a58ac68e7c28c37caf3308e4be8595fe9279,1060.846486
0x493b8281eb625d7ba65ba87cf5af22d95e78b62a,616.1881163
0x3119c064f36eedca68d0f61d2fcd5cb6e34a07eb,612.1009131
0xe0b3aa96f83b12d264ebc200a6ce91460769adac,606.7314014
0x2b91b4f5223a0a1f5c7e1d139dddd6b5b57c7a51,602
0x2a3c7f348adfdb1b2b44b97055751d7e28e48f67,600
0x911fe42c8d629000a779f98532716de3a407f0f7,600
0x49634184038c45f937dc7e13add22d1a20a02728,600
0x64b3bec5dedea219b9b2f7642ae3ce29e3511403,600
0x38321a377d38748d0bf7cd2106b0dac67016ad4e,600
0xb02279b2679c7d02ea29203ed42ae088f69ee390,600
0x2b9eb9450d2aa20dc083aecf0ef05b2da5ff9904,600
0xfb59b257af5518787e32d8dd1a8cf0de13393385,600
0x7fddb66d530c6467fce377e9343df06100efb159,600
0x56e5d6a40079585ae8adbe8470fa66ad7e9daf05,600
0x7b46df7ee53c4de423eb003b791c68e034c3cebc,600
0x817cfa10e43ff1ea90108ef5ef61a1662d96f7d4,600
0x381e217f49f92947a72373f896fbe4cb3a5d0979,600
0xb35c6fa9d7303752c2b6e08889df6f86f4dabf07,600
0x57cc828becb6ccb123d081896fbfe76f52929b82,600
0x49c7e864dc2f3df247646c82b3a16de16358d398,600
0x8497c50e5bb7ec18e19dfe3334e47f95d2415981,600
0x8a7e789f84beaefd811d0e27cc4aea08fddac82e,600
0xcbfc9ff608ba1240ff85f63cd5b15cafc305eb3a,600
0x140d2d1c2ee883d0413a467b3cd3a8a66755e009,600
0x969d0b868c4d1e3300ea3826525f175567e958c9,600
0x6c28fe83eab20a67466aec06b08f65caac771f5d,600
0x2990d8a2ac8836801859fd445d03889961dd89ed,600
0xaa56ecc89d09e3a147aaa0e727d9cb2965b0046b,600
0x1cc3303cb1f4f00d70b155449bc13a166fdcf85f,600
0x47474c6ea0e28627d94adc9d054d166a14e6825a,600
0x0238c9307ff868924029dcdf03fac3e4a39a6546,600
0x5bcdf8f24af40eb8653e366d5c9fe849100549d3,600
0xab27b6dda68144fb4aeb2c79f83516dd21833e85,600
0x07907bec1542193cd2b6fa5e18e05dd107e474e8,600
0xffbe799d978b486358e16a0d4f5a45fa49a18bc1,600
0x82e51dc11ed3d2cb50c180ce1b04bd936cf8d9e2,600
0xaa21b0a71b29fc8e9ad1394aeca72f5ad474dd3f,600
0x7ad6bca1589817f6f0702e4e7469644c59381c78,600
0x8fd73ca765e3fa199440ac6177b1f51bed69d1aa,600
0x5fc74f34904449fce929b0f15c46cb29f4e2c51e,600
0xbf3e0792e90b1caf5a5ea56954af5822e4716c29,600
0xa41b169fe9d3bba79354f26a51b66ed6ba8f26e9,600
0xc28210ee0b884858e0df42d811eae9c5672b1661,600
0x7d85f3e1c01387049890b36c06d86dbbc32a50ea,600
0xf061738a9ec2e601dd1cc62c0aa62427ff85741e,600
0x3621a5030bce26ca7319486f60c2ccce3109726c,600
0x8e76dadfb21eee01be3b34f02bee5dee7f439066,768.6771428
0x80122c42278ed628bbb2ff5810e41988d15209ff,571
0x8a47dab0ca939dc4b4667db5003b5cef53785911,744.2
0x2594c9ebe0fae8d493fa2913895bc8298b79d727,740.1459023
0x6ef0da23b979739d7e11817ab66a1d794e8f9e2b,562.0668875
0xc0dbaeabd8d13d23a6054ccc23b22d2c33748375,550
0x4136e77c7d34fda124e1795bf516a917a707b7e4,546.4856689
0x19430b6bb63c5f9a347691c07ce023aacbfbeacf,714.4771429
0xc01e48ecb6045656b46fec48942e3f2c7ea343ed,533.4323779
0x7a08d1f42e08f84fc222487856deda1e3e99b71f,696.2971338
0xb46751d9d0ba6c04952530a4cf79398b51ce6b87,520.0894308
0x53bfb7086518e312b489a1977face90baaa32385,519.4323779
0x68dc11ba585021a04e3e4e83d9456904902ac2a0,515.68
0x500b90bdf306095a9c45dfc602780c416a7ab56f,686.1295117
0xfddcf3024fc4bcb1eff20163d9e2185c420a03f2,505.8
0x2db0e0f31ef676b39650d4bb177c85602b28b56c,505.36
0x4bcdc892b75df45d209ccc4302421c511b7c4ce8,504.61
0xd26b64c6b34505e0382cab0d6075c74b3aad2121,491.75
0xda4fb47d33afc51b026bed3aa100ac433f03d682,484.8
0xd00f1f125b0e9eb5e1728d979155bac5fbd9a949,483.1344375
0xfb9216c0e7724f2385723bf95d754da601ab91f4,475
0x340c1a208357b735f4d4f72b1845d4555e211064,539.1885352
0x29029df253b42135795e65fdec21c98c7c54c3c2,471.8
0xbacac99acc85f195466081f44f533690a46d6246,471
0xe852d1fb364f7b2766109c51e21881b1723d09f9,464.0266455
0xc581c3bf7e58b01afa29c31d73a9c9324b015f5c,639.6971338
0x2c2f289339a296e2383ef9482763089eda66e634,460.5718047
0x8c321223b368b7ece6a949808d3ce74ad9b6c2ae,454.2080023
0x2c0784e600a806967d3bb2fcb387a8c580c61e89,450.8623779
0xe05c802c12c898921c661a416478e12e1eb57ba9,485.5459023
0x18c18fa69ce116152b04079dabd30a7bf800d230,628.2463634
0xd0ac401c4e028ff51a6de443f7af5e7f33650996,438.7295117
0xd23dc50adde686988d71a17d955df93b69b389ba,774.8004445
0xa271a1a9b7f057a6ea0d7309d41134fdbe5a8c11,610.2
0x82d23c74bc2d9213aa3a2700fe6fe05a6563e65c,432.3237793
0x093fc08c21f02a44ee46d43a4fb9dc5eb282f591,430
0xff12800466ef77816a17738bd19dfc2687ebd444,422.0259023
0x8a03e8a41f84d94f79b40d291c925fbc3fe88f40,420.7561572
0x9c7ef515b81f9879b12a59db83d99a53146f241e,420
0x8c070095b9173381e73afd14114ab247540b65c8,806
0x2052675b1e70d8eee4beebbb5ba55caf58607787,413.4948408
0x1bc75049f04d70378b2bc82ca91280b89b893102,405.7561572
0x3c30e53c4f404e2ceb9b2a017c66f1645b5eadf5,400.7561572
0xd0a9c8515c67d3a2bb2a41a1aab2eb799552d3d5,400.7561572
0xd9da9595d6524e38dfd3f37c15d2861e7c8c3143,400
0xec28aa95c44b07c8f523b772eea9b939e7fc47ff,400
0x4adc61af750f5f2c982120c08da703647f653699,400
0x8a1b19fb7e123f2cae604089750c9b70f1b239ca,400
0xa548d079c103b43bf4ede1dcd4efd2d97601af18,400
0xfbaaf29e38f8f815a5ec63b259645d9f26d7a6f5,400
0x55f2d6731527ed2af75b16708100e9ea04cd3ca2,400
0x5c76c5484e651c6c589b0c4a8fc4d5b2ec248b98,400
0x007dd5b5d5c6999cda7ba6af036feebef81ac173,400
0xc9c250e5ad2a8784be532866259efb77a407927c,400
0xe89998b140c851d2e995b6af636e9d29bdda7253,400
0xbd1ac9cbc213c0a83222278b119d6b94ed77e2a2,400
0xce01cb38251b6b5cff5d5ba1a20119c06fb3aa77,400
0x9c5a63facdbb11b015ce2ad176cf4665af6037a1,400
0xd337248520c34fe861588c4daeaaac331af9bc94,400
0xc6afff43a08a3311ad33562fbe259396be478064,400
0x433617d8e932706a5eed1f3886bbd58c6bb5b545,400
0xf5f7bdbe93076cf0d6245f70b7d6a2abf9ff7f4d,400
0xc864fe2cf1b4f00533ae4636051d5ef61b960906,400
0xe60460e68e68da128f4268da215e3e1d49a1b1b8,400
0x7f03821d6547a7d48876a13ee1b96cf78716516d,400
0x97002aad5534a578381a766ac2b40fc9f4babd49,400
0x9ddaa9bf09d7ea03fc3c2b1dfc8047ce2eea40cc,400
0x2b501179a5ed2099d56b2566921685e7bee9ca83,400
0xaaed386793ab35b6ffb17c8006242f8a325524d8,400
0x35eadff1b9ae182c05f2823f7f0adeba123e5a31,400
0xc0abf158cc15b960b30652cdcafbba807faba99c,400
0x74de89bc25e362359ea441e87ba6208df95e03f9,400
0x7265e59d598afb6bb06adb744f623c4bc0d68d76,400
0x83cc43713e28a9758e112d39b76edd7a7fac4ad1,400
0x65533334874558441de47caf9cb675a5833e3677,400
0xa0f75d5368fa62cf563ffdb0ce09eadc426c5fbf,400
0x39861a2f814267bbe04ac836140d48525c3c78a1,400
0x8cb8aefb2ee2dff938969df661a941c1b4de700e,400
0x3fb8a7cd06ee25dc6ee881a28888d9f30f927f92,400
0xf93dcb8ca18f2258399ef828a79bb76ca4c1b762,400
0xa93a894ee96602e145ccd9b3e16730dfdf913195,400
0x23d6ce670fea94019a474ba1d0fd6880b87ff40c,400
0x3e64d5fcb2e1503f20a1ae4f0e68ca8873c3159a,400
0x69a1fe8fa87883ef83d5a7b9d63e5f0fdadf578a,400
0x8343c90cdc9804dfe681f3fba0b5931119cf6d61,400
0x39f421d2c902802343e2ca93c29aac59d8255313,400
0x365644d3e3f90fa2b083cfb5c55ec4a871a71315,400
0x00ae92c23ab0e8e8e8206331f9fb71ded58e717d,400
0x545f7173bc5ffb8a81acd4f63d7c24febe94672b,400
0x3d5282bc653b69a04955dab5c79360e8286156ca,400
0x40133c2d467527873fc609480696da6e1d8db87f,400
0x26e74163db9c8c18ae70fcdbe14e7fba3788d1eb,400
0x2900a14f4ae5d76d45b5f1d2af55ece665cb6e46,400
0xbd9e2df06073cc7ae22b338817a7c4deb3c037df,400
0x42e35bb4a1a2e644971962ec76376dda3467a5d8,400
0x7e2c6b20f035ac92d0db55a1d3427efdef7f5624,400
0xf906821127d144bcd70ff557802ec4ae4cd224de,400
0xee5719f846ec0c63a82bbf222c0b99672cc26d9a,400
0xb83890bb593b3fb7d7111025d7a8570e327d5da3,400
0xe2e745287073dd463aecced9a3d730c35044b273,400
0x2a8205b77d281d3afbc77cb08cb15527ea9c863b,400
0x080c32e475774a12023115f0856e50bd6748c14c,400
0xcd94b10c8167f62fd127f1f64a5b8c656a849ccb,400
0x12b47e2b9aa2ea202aa5ec75ac9e7875205ab9f9,400
0xbed082e7660acc9d6e5301234cb3e32a949b8989,400
0x793f9ce82e152466911c48c8df02691bf2453c42,400
0xf75a995881bae86751401c4225fc220a4f6855cb,400
0x96393b4d8abe96025613f9758110fe8aa83ea141,400
0xfbb8defda602ea610b392536bcb37c7a86d4d6e4,400
0x343e553a6b0e43a4359c25ff85c0e60875267617,400
0xdc98136bb2ed0e24b9f57bc5128d4a7f933e9afe,400
0x97e81a568681dbc4ad5aab64fbdcf84c8c7baed9,400
0xe3a5dd41d9fef9249433bb6fad17eaa159e1cd54,400
0x21430bb354bf6b1268fbb790071742da7e089188,400
0x222657d567f2bfdcc61b56e934110b74c21cd2cd,400
0xff6d2efb216e80e735af6473093f2231df0f9934,400
0xd1852166b42863ae65c2331304ad338a7c475de6,400
0xc2cd8542f7c974361e748c17483ee52178a4b026,400
0x0a83dbc9e408e18a5e2519816e6556053ca0e0ff,400
0x1a95b486be57dec5e6a89c4aff52425668306e66,400
0x7922a318a77a9f8f5932d9ef753c8c3d8c998560,400
0xcc733ba75ba69b62c0ec70b8d4fc3ea10efaed26,400
0x38dfb8a9407481ffa6d2d1a747a5f6177234c49a,400
0x304db5227bac08279e8b6b54c735a237869a492e,400
0x3e724e801fc50587a4fc3724261fc12c3d785724,400
0x265a73891860e35e67d3c85e76ca751ecf7492d3,400
0x0af8fa8728d5b87e4cea2f19ac4ff350ee36cb71,400
0x0665c1fd64fa4fb0c2a93ff538fb19ae44a7d9b3,400
0xb4e819789c154b0c7ddb74e0a11c4fe1ea259e04,400
0x67b8dafaef4767168b9bade4839a64475e36464c,400
0x437b6642ad84d9b5ded7980ab4648334f2f04596,400
0x6ab37c44aa89b574c19a6bdc653186b6937b0e99,400
0x3c031785e4b00c28a95c245474fcf41e981b19bc,400
0x3742475e3b83945447b91a8ae426cb7f3bb2eba6,400
0x081543dc6b721d5de1f530ecb263f0ce6cdb07e9,400
0x41ab2c26cfb6df0c915e643681d0b29626f9833e,400
0xf1079f1f1fb76c829a0be081f2b179da0a8c839f,400
0x70db0960cffa3e900b352058f66e989c0ff41404,400
0x05bfc1cc8c176cc3af85883bc8c686a4421fae75,400
0x760aae8e29981cc4c676e88203c5bf36c37f2995,400
0x21cd6348c9bc4b8e7c4a6079269b1ab27585ae29,400
0xa4f1b55239ab200cf5882c8e8a4227fa12daa3d8,400
0x7bfec6f337aef242c4f9b62ec46960017f908293,400
0x4fbcebb9432a95dcdcd4bb2f4bc4b374d3d539cd,400
0xf8b77d4581b28727e9d934cfd5da608fb4ba44f3,400
0xa36700a991f8a7ccd35085728475ecf7d7b1f287,400
0xbb16ef998dc82eb21cd48e0911c17cef6a1be353,400
0xe84e89b067f58069490622032a3a167d60af91b9,400
0x4660106c0ff36f3fe87faeb189767551d7edca50,400
0xf973c562432749087c8ed919e552d54c5d5ac8c4,400
0x7dcb4efa12166a88c3802ae2c3cf65bde9b47ce5,400
0x45493b2f9b306d9866057d948d902051e4e61548,400
0xe4f48578e54a518f254f9a8a2e4ca685e6f8eb69,400
0x8d25f8a9c2b8b56cb67df4907dbfec37ab7030bd,400
0xbbf0e0c61ec24e7df38e6e8a85a80350bfac0494,400
0x96a217fa8c66312d39d6cd97c02e460ce3936004,400
0x0a5dd62917dcef2051f8aff20022820bb2e8fa1d,400
0x636f09a4729fdf9f4236b74d439c5f624e5d649c,400
0x42786a439c1d9e9993401d80bec9391ba1706175,400
0x6be70492b549c8038466aafd0e51e8c97b08a88f,400
0x43a5dc9559e64e885a5acbee4d6e2355b3a08050,400
0x3beea43b6f9918f643f4d80b2536f1e5276fee8c,400
0xd2e2ae73c1b2c67dfc65b5a8212f6499feed4fc6,400
0x44646f140a3b6be83b6675bbeebf35f1a946500d,400
0xa9e11482b1efd524f8db6c2f97e5f769def36a5e,400
0xe83f95c8ce4cf832fdeb5f5d401e6b9f539ea7ae,400
0x808128463c4f48668735510cbbe887399ec3ef9f,400
0xb3ca84b0eb072b87c362ca71ce6e212d078348fa,400
0x7b758cbb68152bb9d5c9f8cbd9e5b3458c2274da,400
0x1bdb1cffcccdf45787f149099a4ec57cbb427974,400
0xeb34906d9812089d83b7cd0d562c86e50fd39c4a,400
0x3e37226392072a4ccef0252a18dca5f2054f6ac4,400
0x998880001e575882cc4e309ccbc52115018044b7,400
0x26d6c9a0ab51f5a98e0237800be0a161caf82b9e,400
0xe4536a19aad46c1c24a5d404f52f6a9f79c04b1e,400
0xfd1126d363391f3cadda50c82fd0d2f817cbc8c3,400
0x55e381fea88a7263b2d972166221534948789661,400
0xb7c8ad43fc0a1d89886e1d41b13dec553b2baceb,400
0x534ae3d469ae665e6744d78554e1d2ce215aeaa4,400
0x3c90b9a9ea1846d3526063c96e798b349214b0ee,400
0xaae628452da6c3b9d04d81987eff3821cb7f8d42,400
0xab5f216dcb1923ed5147cc5793a6cd364ac0d7a7,400
0x1e0c2938b3f9211bfb5f32904d0e844389a08b87,400
0xd8bab1966d8540e40ddc3742981a9352d8583437,400
0xeecd5dcefcd113b8902107381e6feba018ccc7a7,400
0xb9d7f2e1f18a4cc4cecdcee1f7ab75f3d3c00a5e,400
0x14c2c6bba5d373d4023cc5998d4cb9cdb0cc075d,400
0x29f2815129c09cef7b21b5fdbabffa6d0b3ebe7e,400
0xe4ae4ddc34457b0ce5077c81ba22d9c4f825c93d,400
0xfdc08ba9e6a0294720964b6b6bbfcd47eb020615,400
0xca7a4b0977e074ae4a757e0f52a23c670a5c758b,400
0x2e842f6ffa76e4ff21e06a3ba1f11e707c2874ea,400
0xfbf3a5111ae82e31828c1a63ca3885a4949c251a,400
0xde982d8cd1d285dd9267d70bc7a3ab6d401518c9,400
0x281c84889e7e0fe5fb5a00bb955c595771c95126,400
0x038f04b5ed74e851730b943ed9c53bc4f794d7bd,400
0xf17355ed78e725394e9682f5f936a908ae54f91a,400
0xef7535beb92885bc86ea73092bae56ea2b0adc2e,400
0x619cd08d561258e6002da203424fb70d526b294b,400
0x723551b41b4505e6cd950198a10a2e133f6078f6,400
0x833607f735469c45d7aeb408a8a02e58e099efa2,400
0x4407836340893f22697e7a751ff1574afbe3e0a9,400
0xc4792b80ada7445591abdaff2324049524db8705,400
0x86daccc8ec94da0a4370f84c1b3fb0c23cc70866,400
0xc1b0aca57d85d7c6eca1489d40f1ad0d10c2bb54,400
0xb28d240a3b07f0f721689ad46045a8f73c6a8af2,400
0xed0a32dfa1d6627d7c29e5a44e03b131c167ec38,400
0x13f649be9d59675b68048e3230e07ee9abc10d1d,400
0xda18a6245ef36a98c17e0dc668c9f56154b51e15,400
0xfddedd992fc3b3cec21a59f8dc2c1221c5a0ff67,400
0xda9a9062929cc8b55fccaae5330bc600a0a969fb,400
0x68bfd9f47023a615c919ea7933760a6196c0343b,400
0x1d7531ad4ffbf5f42917b7ee4d0a5716eaa834e9,400
0x12d4a10581d4db72a298f582d179d2327db37abe,400
0xf798338270d48a68e5169e5e743a14b783a6552c,400
0x8764858c4f5d8c1019f35d5a81d41d161913a69d,400
0x8b32af452922ed1765b00093111f7e6941004954,572.4
0xc4e1113f9ab2ff58c88e2de74b7d914d2043d48c,572.4
0xc0dae256cbefdeb229dc858dc55d9ca5c2bc0622,393.5168875
0xe845ccd7d6d18e83d19e8d67746742aee9d63fe3,567.8323779
0xbe502f3c548daeebcb0134c6f5ff82b71ac7bc72,391.1295117
0xc09ebef58c33a6eae1888c3a8bad20cb29006e46,565.8323779
0x48ee475f81b69b537e44cc1a130c81a650515e71,563.4
0x083b911c47c7afdc5016f2c34f9cd8eb32bd7129,385.5157959
0x53372390b8d347ec8fc2bced30e6703dfb9ac5a5,383.8914014
0x9193d1e28c7eb1b481808d26f1c7b2753dbd7289,381
0xb2f49c7e27a6964eb66e3247ac330944ec1ca755,556.5459023
0x381d581a5f44e3c66a6b79eeec37476807e67f87,374.1542857
0xed81c9080ae2d99bc55b2102b62187d083d6a56d,721.7529598
0xbbf928065bf0d7ef79ddb0174a69efb3b92037d9,365.4590234
0x4163137eda48ed484ee388469a06d7915a5c661b,364.3237793
0x49307359ef505a52e8634b63877e6b49e7a65dea,364.3237793
0x79bf0f81a3ec067f6a4e0e54a854ee4c2cf14b8c,540.1237793
0xddb57b140804a6a624c24149a01ddee6efc7874d,357.6
0x09b62c454613aa2467609da6aaa172674cefa54d,531.4
0x23069dc385a10fca855be1138fdab200ca5950e0,529.4
0x82173c779eb57f9a1232d365cd0f075c52acd926,529.4
0x8ebdd24ab82cc91710b65add33e54505ccef23eb,527.4
0x60135868c86870f4f33fb4c9d78b8700792d3b4e,527.4
0x3129dc91ca65a45389dc09fffae455f52d5eebca,527.4
0xebcba3c66b0639709ae5a9074af9f1087d680e48,527.4
0x05cfa2901644f872470e0cc29b80704d57876ed6,527.4
0x086138fb080e3f4fb15454f7cb575861d7e357d6,527.4
0xa1e99c4757e19f4483de4f772f97b0507fc6b2e1,527.4
0xf2441e387a2f5b509af11ee65444721386e138dc,347.1459023
0xc01adaa58a9fd77aec48553fbfd3d6eb50257bc9,347
0xd1764868c4e2cef768b52a1dfb0d6a012efb8be2,342.7618896
0x052b6ad674e78a7b9109c3bf022d05a0aeac7f5e,340.1459023
0x6e9581bc9417a2d8f4f4e2fec5ad2376cff46205,340
0x5540cc53635d26bada8dc3046c92248414219220,339.8914014
0xe615e013b295a332d5a35e3fb6712d6c729132a0,330.5
0x2cc2dbcf1b990f9229045bd5ae89236c857bf68e,330
0xb4d67b2240e52c52ed703c14c65b7d56078307f1,327.8914014
0x757f209824901eccf6231c51b52deb57d909cd0f,324.1459023
0xc34732a8a23019ffdd5ac87604aa7592aa43ac77,324.1459023
0x4d8136fba6ac879a0fdfee9d67c3d79fe5995a04,322.1459023
0xa2b80fb478724d1461ba292e6b99a5423e4ddf8c,316
0xfa5f5ab5e3fe8149a33efdd1ed9dd9ab57ad7fe7,300
0x5bbda203d20d8d479a3bf4543f4d64e9f0ee2cec,299.6
0xfe1f407e2107e8c2c5c2ed6eb99ed921cefd424a,299.4323779
0x5b0afd3a40ea3aa54e978d03d7ef0d7648b481a7,298
0xf3eaa230f95fcd74ad6b19de6a7127647bdc0931,297
0x04c59314f7fbcdc5794c997aa7fe5327a628cb12,296
0xb93880a70b5c9dfdf9706684ac87196a9807f50b,295.5942676
0x02934e22c3183cbac3ff7250dbbf0dabb9031f01,294
0x18c62470765d168ef531674700376a0f7a8b3b24,294
0x582cf68eaaf8e169fcb445dcbbfcf05d9c5df6d0,293
0xaf57208d17cd57dd5db5566b8b125482eb32846c,293
0x67099592f0cb0b5fd5624fe0a8bae5ebfc716367,293
0x078ca3a2e2bda8325e99458c4c0be802db28d8ff,293
0x0ef4f2dc7b7dc6a222aa2a06599135b2c7e57629,292.4590234
0x017bff07958b7fbd42d049501dc389aa6ea9a882,291.4590234
0x01bb22c26886ac8c1d44f8e7805460de1d6a248c,291.4590234
0x023e9584b17eb20348fd026548f64a10773b1577,291.4590234
0x04c27c14aed553f91ecb6a2deae288c670199ee3,291.4590234
0x0780e1fd71d5b6f3d79c5eb2f442a0fc22a4b93d,291.4590234
0x090598219aac7234fdcf83287210cb653e6452a1,291.4590234
0x0c7ac14ffef361c1574f6afcb97acd985b7d9720,291.4590234
0x0e75fdbbd839a66e47aa7af808778dedaf974e63,291.4590234
0x16188c08545fc6f32523305276cf4d1f5cebb98a,291.4590234
0x18cee44b901bac798ee261d7590038bc4d433053,291.4590234
0x212f59eef6886ebbc026a882869c24facdf835e0,291.4590234
0x2b581f7d36a9c78f18ebe821467f3dd28c23a5f6,291.4590234
0x3922ea3e07bbb5bb7a976bb08cf9b8e99744672c,291.4590234
0xa41048255e4e9e9d6be7ea68db16c50878302404,291.4590234
0x51bf91b5096e70713d5eff5c1a95d9ec1ccf0500,288.5385714
0xeb53d2b7137d38ae451b9b6a2d1e073a1022f995,287.6923828
0xea38b65075a12ba4b9ee1642e7f889e1fa6e226b,286.3959023
0x9797d86a76f72d06622feb905a962309c6e4f8bd,637.9349688
0x2f0f986070138c2df6f76fea01da5e91a93935d5,286
0xc22596d84ac1ec18c911ccb18edfffbc51a0869c,282.4742676
0xb4930d2aa4cc21a4950c268343e2a9bd214f818b,281.28
0x570a977847a1b98a2e23cc4cb05e71046d1234de,1048.088038
0x2dc3e9a249d3394fc451de9e8b26220337a26981,275
0x4fa20b90ec290169f74232d0c53611fcd88fee47,273.2971338
0xe41eead6266deabdb43dcab0be52ee40df2026eb,352.2965717
0xf31a3be6bf35f18432a49d29d3e8f042ebf1a353,264
0xfb45663cccc5c6601c7fc8b4de8404e2cf6e2e3d,260
0x82b0b045bc0a387723cf9c41be9b03a392712a2c,252.2971338
0x7e5d78bcd1169882833215b8a6b91d56e192ebe2,599.3401699
0xa2be43ba30a5960a009e27afeaecd2184c4a77de,243.5942676
0xe51540f72f9bcd25559d7438fd91296f560d8ec4,241.7618896
0x3aeb3993fc4d66f770ddb4b9567c44231fc28364,236.4323779
0x9f6c00f94e0c7cf6a6c4977716b928ac494e33ad,235.1247607
0x5e59be8b9bce23fa858ff0285385c37067767c19,234.4
0x7805d62e75772b7e8b67fc16bb37e356e8141fc6,406.5459023
0xd900989aed776be8aa0145c882610a01390c562f,230.6680598
0x3235052605a99eb38ed743283279066739beea9a,230
0xb6636526c005a7c493b360ba141694f9e493182e,229.5942676
0x161d08a0eaf77a38b03bdbbe9edbd352482dbf8f,405.15
0xc5a4733cf6565e0ccb7f94c607feddf049309cda,227.5942676
0xefaddcbf855e9d52069dca0abe7918eed1648647,226.5942676
0x18ed02a4093da6a137f988036cec878a943fd949,223.5942676
0xbda6d7f0effdf78bd47043a614b8b380959df979,223.1618896
0x96080155dd976e98305fa9aea96834a03abda864,220.5942676
0x03df22fbd79d47f79144f05f15259e3d3ec970e7,220.5884766
0x000d1b73fc93b296220f800b141e958e1dae6728,218.5942676
0x018660e330f8fc2743b9cf2452cb59d5b6028e94,218.5942676
0x0224db794707d8485c2fb166c62f903c6a0e3bde,218.5942676
0x02811539349ff016d3234deb12167437d6b025c3,218.5942676
0x04d3af460e8da4e1095537627c265281fa593cb1,218.5942676
0x0799e023c639cb2ffeb4b113014d865da7835cbf,218.5942676
0x09371e700de864915fd98d6bdb9f13df3aada741,218.5942676
0x0c99addc3497ef96b4e10ec32ef95eff2ffb6f36,218.5942676
0x0e871d7f46d2306c3d2fedbafb9c39df06d204bf,218.5942676
0x1732dfc39f609c078e0151a921cfe268ca94434a,218.5942676
0x1b9ffdaceec0e8c3d7279a7bfa860cf77c7428ff,218.5942676
0x21675e3383931f02ace0dfb87b827f70b65c3ab9,218.5942676
0x2c0a08d978252b37e3763c59319d65d6c0ef3a0c,218.5942676
0x39e904eab11aca2096bfeb864a7c9f799e1dad64,218.5942676
0x64cae25233f9df376a71cda23cddc5c3bc675541,218.5942676
0x33f643d57041f2fa57f28783c63276661d0e00db,412
0x50d66ccf759b6986eb184eaa0bea867fbc88b40a,209.6095117
0x10b38edd50b6dd9ee45cdc948ee2e0c404bae2e8,208.6323779
0xca2caf2db9c5dc78be401872f1918869c993f9d0,206
0x470fb6944df3f6e1b2e93e1372ed717ab7598834,205
0x9b8c893430cefcaa4b81da9bf0ea5f9171c5097e,204.1618896
0x64dd860058af7ee69f9b9c7ce5f661652f699979,204
0xa5c9e6c3e9adda96a1563e89d30f40a34d0cf6d4,201.1923828
0x4b0a412e81e8fa28b1246cf9bff1a7985e8941a1,200
0x2c380f36549b869b783f057e96f59928b98932fb,198.8
0x87520014c624924b9bbdba15d1ca8bd1c7056474,196.5
0x50aa7b04e2a6c0f81e3272327dabba0ca06ea0a7,196.1618896
0xfcdd25daedc57f2a59fb43fb195791caed2090c5,194.1618896
0xd031c1c853c9d6f42d50aff9e357fe9e78ac9bc5,193.3533322
0x4bad2daf8bcc7139a83033890db9584a652d35ab,193.1618896
0x3ac0ceb9a0079d69e3b79d0d3345cc0253154b38,192.2923828
0xa88f87c907c9de102101f3433dfc1120ae42644c,192.1618896
0xa77bea345a98feef0e1afa9ecdf518378a928b16,192
0x7c5ed35de7b4f0d3731745e70a19e395e9cbcabb,191.75
0xc583490d779ae33395cdcdb1f6a2b08df3932daf,191.1618896
0x339eb2033e2e250fc21b14a78310b41ed0647e37,191.1618896
0xb646f59c44b12b3f0d3cdd93eb0f28bf8f057364,190.1618896
0xa391b2ddf048ecb37b5c65ac414d128071e3c76e,189.6311091
0xe75c6d8973c29deafc43101f7a9dc4321ea4ab8c,189.1618896
0x15a4c3d3d6360f51b0380117e331b94713899177,189.1618896
0x0861ff81b2fd7ec7c194bee2b979cd39c8822958,188.9709494
0x217bf4fff80a5d18b7cfef7d63e9835303e083b1,188.1618896
0x143d4ddfcbc22744f1d937b2c2bffdcf56be02b9,188.1
0x361f20b0a732a8a3ee75718b842256a538c1e62b,188
0xe2ad14f95a07652c8113719334c5e244343cd7bd,314.2
0x0778022cefe91caba5f20cf9f5c1b80613da6f99,185.1618896
0x6e0d237cf01c61d9ca5cb2b544ad07d2527fc19d,184.1618896
0x75e93e048465988f8e47fd50f09180379eea3d4f,184.1618896
0x2ab4a065c6f64973df6195f7dfe486a1d393e248,183.4430361
0xe8f783eabd1c76026d9ea7adcc63cb65589e3a3e,183.1618896
0x9115d64bdc029a78c0dacad8204e09347bbe86a1,183.1618896
0x2943caddad3cf37e39c8aa107dbb3c71be1b9af1,183.1618896
0x162f1c8bbc62843317ff93ada89445526da35717,183.1618896
0x03eb0322fb20f1e59dbd712cad64093ffe82403b,182.1618896
0x058c01131e43b7b8aaa290ddf4191ea3fa3bc57d,182.1618896
0x08b1d90cd417008adea97e3aa89f210472f4eb58,182.1618896
0x0d0eb7056a54ff00d0537c07f82b4b50e92a8c00,182.1618896
0x15778c1dc09dbbfcc0b79090526660a5ec26cd1f,182.1618896
0x1981775f11137e018dcd53956dff2b18234f4613,182.1618896
0x2e6cf30fd7e6f671c34cf351d2ab93322468b30a,182.1618896
0x30c3cbf90ffbe499140de5cd61af986cc5cc2aa2,182.1618896
0x3e1299681b246ec9ed5c08994156048469f5f33c,182.1618896
0x44d8800877a387010f6468e5662c12c4e63f0f19,182.1618896
0x46602a8a5935c77ca3e29018fc0932afa126d98b,182.1618896
0x47975915580502c7934790ace87a28208c940945,182.1618896
0x4bb6bfe9b8d4bda32d152208ff2df4fd053ce27d,182.1618896
0x68ccde8d4af87b6352c010d5841645db95754abd,182.1618896
0x71ed8cae1d7e0f54ab9541ce7c0043513529caaf,182.1618896
0x791ade965614db63b91babe69ea912bca9bd575f,182.1618896
0x8c2aba161f6b63fe9cb01ee18fec83803e5cef1c,182.1618896
0x8d452c1f4bae385b13933c83ecff70d74229915f,182.1618896
0xa53a04acf0ab015c2cf14174c63c842ca90b5f06,182.1618896
0xa6fef19140f9873da5f2409dc2ebb9fb977241c5,182.1618896
0xadfed4202b0f20de1f81e6e331f6d995a4631c5e,182.1618896
0xafac61efc2f7d0e4438864f0ef92f5285521560f,182.1618896
0xb22d09caa0c24e69ab0205aef846cd68ef94f56c,182.1618896
0xc5d59ead4ca942af0ffe97058d38254c29262476,182.1618896
0xc8823fa302d4b3c5c01e19b51538a47ab2971825,182.1618896
0xdd43dd6055a29981a4a8a46ff568c52b9e558d19,182.1618896
0xe322f20738c0d56eb9dbbfceb35f4f7ff24c6acd,182.1618896
0xf48cb5373dbbe3b86ac3145fb37c75fa220429be,182.1618896
0x58ea58212b66a33f566f2333bc5d398fa6f825d9,180.8754141
0x3adc0d492f881924f45daddcfc11c36ecbd37201,179.8
0x3079d6a37e6128cbdceab4043ef43d9cd36af713,177.877048
0xb88dfb603224a661d9fc451db690985f23c53f13,176
0xd2ef2041b6e774fe5f6a5e1a4b7e9229dbc3204e,175.4
0xfb21b964cf7f9133a49d590f5d86a4ef6a3889c5,174.8754141
0x08ee5534e4904aa00640a9ef5b220d05b604cb28,174.6157143
0x4cecd5ddd35d085fece94a6cb695f3e36c670767,173.8971338
0xc34dd530486922d7e50686c2a4776467ede3298c,345
0x227959fba135522648564897bddd16fbcad86105,167.8971338
0x36713ec3600cbe45c62f6bcb3bc1a410a2ae6028,164.2971338
0x61462c516e3d50970fce8861e78b31ae02efe422,153.6618896
0x0010ea9fdc248aa69f224eaef5a74206100d70e8,145.7295117
0x01e58dfddde18bc7ab7935d585ffaef4a797852b,145.7295117
0x029556c471db754f171bce38da07b9e28aaf071d,145.7295117
0x03862ab0cb8e2cb35b56d318b932e43e20876bd4,145.7295117
0x0502dd1858d51911aff9ae85b00019cb69b3a25a,145.7295117
0x07d60e96be6eb2d65c9820eda87e38f6a1af06ea,145.7295117
0x097fbba2912555076d3266794460ce9617b262ec,145.7295117
0x0a9f51905994e4bc44af3ca69021a161832ab506,145.7295117
0x0cd02fa553c36ff22fc13f889b86ac581f05aa04,145.7295117
0x0f4380ea61f76a811ba16d1150864068901b8e8b,145.7295117
0x1925d9089ca21278a63c97344a0289b9e3a569cf,145.7295117
0x1c598b9ce6c62e50f865863cb8f7de78272d7e93,145.7295117
0x21856ac1a94fb24d54dc2dff1500372a1fbe1ab4,145.7295117
0x2cbb8bb8e1a47cd71668f697c8788da987b895a7,145.7295117
0x3d50903124d50a9ea92f68ca13b290a6ad1fbd7a,145.7295117
0x7fc46de7477fbf4fce71f8c85c477e8a1c8581aa,145.7295117
0x9618e61af1358155a35aed49c0cb1f86c5be6191,145.7295117
0xada1d6af9cbd228d259b5946f1bee9330d9920e2,145.7295117
0xb20337753021b2da21365b80c07791cd99782767,321.5295117
0xbfe0f5cdb1096630b96e3db0f7c8307afb350697,145.7295117
0xa6db4f00321b35548b4ceeacbe54c3d4c34b33bc,356.1459023
0x68179f276f9b46a0e66f8900cf073e395cf8888c,144
0x4967f8e579a03ac67ba43d20080bb8b70ed12d45,143.1618896
0xf534e1b210319e8a94f69db9c5423eca4295cb5c,139.8571429
0xa34c11996245dfdaa2c84dfa148d3be6d5f7d578,137
0x48b2a37603be225891af6d4f9e91f05488e1c471,134.2971338
0xc78cd583ab1443356d745af6a450a9c0f978f2a2,134
0xf756a96f65af4d3d3ff297113f2d6f257e332160,133
0xc1d7bd88f3c637948e8346dcf834cd42df630e59,133
0xb65e7fd4a2bf78c1c048d47dfec7b5d11645351e,132.48
0x7f1ef20773d3404fdc4906efb04666bb96a44af8,483.225127
0x0a387d79ff82649cf0ff92f9e8a6917d01ca7309,130
0x737e0802f500b49ef0d2a275b3a1b70c3429aa2b,130
0xd9d29aa82fb03c2749375ca010f77ed88f799d73,130
0xa85ce272a52b91f3847dc3b93278527095b583c3,130
0x6fc27dad9e166258d9c9251f051eaca537d8c723,130
0xf0b18702e65be8a458b3d83bcca8ab18f49f63ad,130
0x3e6b74838041d2c88a25cabd51e2b4c18672a9ab,130
0x6c9cece57d9e13bd5453f413fb7bcc4707366d9b,130
0x5ea8ff7fc14ec0931f4c75ad634dd0d13a172ae8,130
0x5ba1a0d6fc380855db297191f13d6e135ca309e2,130
0x57c0e6233892ae1d4dea54677c5ddb689895bb5e,130
0x9093ad1bf01cd5b52674a1cc83317ef2c719047b,130
0x1eb4bb916ecb405896df4f233001dcb9c2ae5ed5,130
0xa4d313f6e8bb7ff51e534a60ffd9074435991925,130
0xde3d19452414b1a8cd06f66a07b199bef8fff733,130
0x005628e5a69992e08aceba34139d9c167968013c,130
0xd8a8e740cfbeda9c1c1792ba86fc998a6705d9d7,130
0xeef2d11463d65aa0ddd92496ab1fbb67b580ac10,130
0xa5fe10fe6f1d3b51708de35235242d86f719d24e,130
0x789af6b385600593a5d1549c80bbb79380069070,130
0x7dfbf463b5de897c859c3053d4d614d0c4ca6b34,130
0x57c217f8920fb2e919c7cdaf3dbb56d4f763584d,130
0x0315895570a2fa3e6d27082d0ed3966de5c1397a,130
0x45172b147ef9fe627568bc7e3b46235ae4dafcb6,130
0x1d0429cde9ec24e438d49c6ee40b6a69d9ee8d98,130
0xbff0cb34e7754ddddb58fec654892c039e848e71,130
0xbedd5c6afa83c2bcff9dd54ea23019d79737c1fa,130
0x70084cb56216c98ff6a8e57ecd3e42feac3fa0ec,130
0x1d998ca15f96ed748b4f6b052adf27605d8e3991,130
0x5a5d4f499f6a4797b569a57695bbcd10b352e27d,130
0x77eb51783de27a05625f8328a622667ffa11b9ca,130
0xe13f182f73705a843a1fe3283d35379c2f64f29d,130
0x93916713e681b298c69f478aab041e6933199008,130
0xeea9b2b597c607649fd01ef1925688dba2688c83,130
0x56d409c3bf7d5a12ffc2103faa370ac6cfb126c4,130
0xc97f49f0303bbed40b9abad6342772dc9726ba6c,130
0x40cd3c84cdfdbbf5dc4e6e17b1f3cd24f7b80d33,130
0xdd24174a06b293eb45cd7215f7733a343a5f4d4b,130
0x3838a0c03d4815d1830271784bda6adc1eaf6726,130
0xf257b854ba5b50849a18bb366463377bae25c4c4,130
0x70e1d1477da247188fe6220b1b727c40a11b2ca9,130
0x8ee2d2be803b45cd3c22e2aea7493a1bf63e6221,130
0x783481a46825b63361198130a5fde82232b821fc,130
0x7ac66af3d08b2be907bde2762cb8d3b3f8260d96,130
0xf453e9a44efe4d59f76eba492532b086e8ff301c,130
0x450c6ead584fbe9da00913890efaed505c73250f,130
0xcb94dfe63179d94b2edc4efb1755b231e197ff7f,130
0x33cef22e663502287126a0f959ff4efeb7f52837,130
0x57257ab212a672edb9b5ae91042ca81514b7037b,130
0x9e40b60cbb312bf931a36ff50d0e8474f9cafb9e,130
0xe25677108aa003b1ebd0de16d3cc89c6982a0c2c,130
0x006fe4dc8efc1197d0992edf8359b878fef7d72f,130
0xaac623d90dff164d4b362b835bff9891df5bdc4d,130
0x4b4ad5e0ad35916d0b8842f37f061f04fb5b1dc8,130
0xbc78077ec723cd2f9978c7995327b225354a6d2f,130
0x1a75cd34f3840d5761bf3764e306d6d593f60a5b,130
0x8297337fcf036b2e0bdb815b1b482a79dc945945,130
0xaf37028ae42d0da6048903d315f25df2a2481d93,130
0x48f040208898c6660874f690b87fb18dd62ba398,130
0x41102c5d921b9ff56b65c722b3ae16997cc816b5,130
0x533de23b383bd07432e7a88169d83b95ae31cebf,130
0xdf2645fc1253a4dbe1e0e902bd42373a01bf243b,130
0x5bc2ba17bfe2c848007e9d57480bfb460ee6cb85,130
0xc08238aff7ad69535591f16b05ce7e7ce830ce3f,130
0xbc342f21149dd6104f98390d0b2d00052a5490ef,130
0x21c82e7e2dd16c40806bf5db46802aaf3eab80a5,130
0xabcf615e500f26a31c5fb392c2558ac0b8e7cb30,130
0xe5ef973b0ff018ea1e69540d70c66cbe04d6a057,130
0x8e46a15fbb6822290e60ceee21ed92ae69d77bd0,130
0x985797fe3be4a58cf61f4350751c672e7a74841a,130
0xe9f265d093faf863df97f1c81f7796682d5719ac,130
0x8bf6f676cb06b35712b10fab958ffb5b2676d6e0,130
0xeadb411d57a7d25a34a86a85b39583bd0598b225,130
0x07cbe8c9ce03ea58642e4201dd44084eb5c5598c,130
0xd30ddc4094051427e49a7327655224651d72ecc9,130
0x907c4064014a8ae1869b58d1f71ed93d7dd5ac23,130
0x0b272d6afab73028d6c8ac520dc2134012fe6b2f,130
0x263836af2633be2792a7477247ad4bf281b3e4fc,130
0x25b071198e564610edb9025f33d5e5d62a65c03d,130
0x7f6f034140cf4eaf3df0be24f2f11717a8357bee,130
0x54ac0baa42c596e754dec04e2fca8cdcb6c81558,130
0x6d98e8ee770437caf2ae11903b0e17769e895510,130
0x82a974db0191e55b06c327278a510ed79965c4a1,130
0x2dc03b5fa0ad67fe60a26c2ddac193342998ba87,130
0x013bca9611777fba1e7828898b565b8d27e995cf,130
0xc35562f7f1fa5524c2a69e5b4f8bd4b8fbbe90fe,130
0xd73536dc81227d1e6690e7a9423e7573c11d5e8d,130
0x54a5aa23641dc14bba74f79b72f0144cacc6eaac,130
0x3551625dade28fefe3068336e8fa62d4e87efc8f,130
0xf2f955f3c68d9b016deddbbd9bb579dc7815954d,130
0x9df152ddfb98501f53941f56e11dee2cd4a916a0,130
0xe498d3fb9c103b07ee346d1c7f87fcf3f405a9f3,130
0x52ba6fb4efda78e785a92bd877905c75f06f9798,130
0xbd826ea74a4b33250703ea03efca33bac9051b1c,130
0xffe64a0536d38689a6cfcdf10644a79855947f97,130
0xb07e4602e3330a1c72b4534934d5bbbf07e0f232,130
0xc3c7148b11bce845e64a2f6921b40cbd299fae0a,130
0x830401b2830b259428bbe71d6b2fe82428de49ad,130
0xc3e65401f61c1bf9a30fce304a29a32d8049d820,130
0xfcf848355d8751b52c25d84480c6b033eb71635e,130
0x80894b342f63c2e7aeb8585d3f3817b0e4949234,130
0xdb989a4e7c0b981809ee7959fdda5826b7593c10,130
0x0815b05a71b75e533b2992a257201c44f77a0b0b,130
0xf4a562d6c560a2a4b60431bb8b8bc6e54f7d327d,130
0xd171e225a17d5dc7e765baca6133300265ec6462,130
0xc72b99a8ecc2c0b03dedb233dcf60c294c578276,130
0xa7877b952dfc0728f09a01d3bc6bdbfab2bb0566,130
0x7bc935d4f5effaef4d1ba10e7af359a39afbd649,130
0x3c634fbe9fd7116fab17b40b94011b7a4c14608e,130
0x94394a0e4034025b036294e3421ca03cb7b47182,130
0xe0414cb804a570b74010bb92fb82b26e228bb594,130
0x2eaf0c327abaad31eee741ed94c091da3a57970d,130
0xcc81d92abd35f77abfb705a47648cf6b4415daa5,130
0x1a414a0ee384814674a1f77af40f20679b5dd0d5,130
0x13988fab73ebc7a0d344f4d7cda60ee5088a31dc,130
0x3ecfd2ed27e65efcfdf32996034fb8699abbf9f9,130
0x5bed5b1dd3ee31a454c193e82824a165fa9d50b2,130
0x49de10d0515f2839d2746aedc8ebb60c632aa71a,130
0xcb3acbcefdce98da47664a8e72ad03514b146db9,130
0x93684ea3634c2aaad68bb43920b310d282a84d9c,130
0x2b58fdd33644ccc726fe49c4fc6019d892a98bec,130
0xf3a4605c0c9ea0a555f104834de1e98f8e740ffa,130
0x1d9a2e7641762bbc9cb3c692cf9eee840040f6f9,130
0xeee0f327f9b1a37c90c3898431c0e3ab1a51ad5b,130
0x14be8db69cfd09fd0960d5228b0100a8440e526c,130
0x54372f6a267c85a257a49ed5e4dfe3b30a6b11f2,130
0x57c2804eca09546e35e3b8e1c68a83902f4985ab,130
0x29d2ce6de6bfe4250b1778e4dccf0c817d26fa7f,130
0x0f962f9bef087a82085a664b4ae7a55fdf08f3b2,130
0xb294f7f50f09f5047f711265a018fbead36faa79,130
0xc1d5413f3a79b9264eceede93afac72fe04addba,130
0x0510e6e3a29863ca2e981b3c2a90c3cc81639e0f,130
0x903703d509ff43736130d0b902502ec958210fa3,130
0xd4456a83531f153e6124e9462b0011f531e924ca,130
0x28232f879833a9f8663321323fdac537146899fc,130
0x0a9b8db081b1cb242cccdcc734f7e139010bb154,130
0x1bd768a33812b10968b21a149102cfe56ee16977,130
0x972e1e347de2e639a043b82c56b3699e32fd3923,130
0xf3973fbbe8fbab3d4f793998d9320d601e43039f,130
0xbd386867dbe168ff64a7a63f4123a2ad22b4b6fe,130
0x112485f379363556ea2d85f0f417fca0da6b5442,130
0x3747f94c171987a44856d88a1d35ff611cda5650,130
0x5c02f4229c6c19bc6216079669fec58238cf903f,130
0xadc97356fc234769d2087c0644fe82dd08184fab,130
0x66b8cf6e46a84fe7c43ac2cc3a768220be96f637,130
0x01d1924569f8f3008098330ca8498050253683c8,130
0x00da4264dcb9c8639bedca1f7cdcc5af52b5c90b,130
0x544d287f7bd0f3e118464ef0048b08672bea897b,130
0x1fada61cd2babf79ab2a16e268724101a535c187,130
0x4347e38c600a4945a28f92cdec12164648e8a561,130
0xa4fb77ed2cff6e193f4f6b9f3deeb2fd3a30c09c,130
0xa2f8620ef3700ca960cda439abb9bc12fe59b8bb,130
0xd0d918bd3b27b5c1e1019af2d3857fb6c5a3b22f,130
0x98a4cfa4e0948231ae554cdf720eb794495b0d05,130
0xe5ef8da5a3e0ccf856c1b55e4fa4e6c8cec8d888,130
0x957afaa5100b52e4d41eb0a74463ff6fdcf66e49,130
0xf4ed9b38b3384c8b20ca870feb07856f8ef2a2d2,130
0x8b827d7470aa57cd3ac43b03ab388ea2a767294b,130
0x2129610c25ff038e445431a32b511bd73ec39a46,130
0x1d0d0f94f340e7d49af6a7d6c8a519a88366c7b3,130
0x507239946a237f49f98b7323bdad90e6e35cce43,130
0x6e81e6b7568458f3379c0a5915c354c3fa258f42,130
0x290344f493e64b02f0626121e5e4195cd2e4b7b2,130
0x70503ebc28f5908c741fff18af513fffe2b4dce1,130
0xffdaad98d35bc71447d09c10250de18dbcde1f2f,130
0x437f8dcf440c297ad4d305c3ff589c53cfbc3cf4,130
0xc7097f4e259d901eea2101f199d9ce80d28ef923,130
0x74206b0f6e4d6fe615ddc3116d886bdda253ca83,130
0x1d57a0cf5c83d3430e06733bced0708b1eabf8f5,130
0x9af7a0b2807f81e3913ba7c06334af078297be9a,130
0xbe1d9252cfa89b8a532b83c18c6b8d4d69c7df32,130
0xbcba7bc13c38ade053a429896f17670b4269f8af,130
0xeb67e66b588bb2935ae767bc6c359da9de5f0ab6,130
0x1ad03adee20b2b7eead452c9d98f019c143c6907,130
0xaa7cddfb9332cae96ca556641935c2a2308f0e4f,130
0x921a9dbbc4513a13ddab45ca8cabd6b6b7f5bc55,129.6
0xb88c2c0fcebfc869c5f13ee792b15c0349f74994,129.2
0x08722df521682ffd9c7045460529f8ba8bc8f803,129
0xae189a22c0c354714264c153f0bab10765ce7ad9,129
0xd8e516820a7181d173e5b674536e3a2e0976c922,128.9059023
0x85e39ed3df2ac2dcb6ddb652ccc5345bc5c26261,128.2971338
0x98fc7c6ac28b79899e8366e8aa366f4e8bd4d7f8,127.2
0x3ec422953f296bdab0007b9d9d095bf5e2bf4f36,126.2971338
0x051200bab225ae5b716d8c5f8bfb1ecbdd2701d0,126.2
0x3bab5e698d4cfe4741a192e43323bea6101d7898,123.5
0x7a5bbdf57f8cd7b47f1f70deec306f135e155995,123.48
0xc2e3763ca17f2c3e28e002dbd36fee7dec7ef1d7,122.4727898
0x271c4dc41df9128983a77dff3d23139f56d097b5,121.2971338
0x0ad5f520fc60bb9efd2cab1a6f5beb406a8629e8,121
0xc42a442808f9f235c2ff0ca1c83401807ff9c76f,120.7971338
0x90d44a1f7a09c64d2825022afd152f33b0952d25,120.2971338
0x531c940b98429fb833a5bd3f34c08cc46027b332,119.6
0xdc00a5e937362dfc7ca8b7d3993a1977da3ee5ca,119.4323779
0x77fe2528ff1cae3aa26a521a1d6b024d31d23577,119.2971338
0xb24ade4f199bf4989a4a46bed19dcc01c61c50e9,119
0x20e1ac8b45e48094ad70c27ce4c3811e32d8d531,118.2
0x5e7fba8becafabbcbbad02674d41f9cd6a0d01d5,117.2971338
0x132777c3e378ec25479c7963c3d0da37ebb04911,116.8918047
0x684abf1a86e0e0e8984cbd015e8da2866e32138a,116.2971338
0xb510b2c376033a0ad2110dda2e58de022230090a,116.1185714
0xaef32b611cd8ffa8afaf5f027f7fbad94fe2c281,115.2971338
0x56aecf3abba6cc2f0c2e0972cc7602fb26e34202,113.2971338
0x7130aebab586922006445932403f49cc09e1649f,113.1459023
0x5170eb5bd970cfb79ffd134e11f32be2cc4be104,112.4323779
0xd52791594f7783f7a376dfa61e907b4637abb12d,112.2971338
0x4c6b4b7c9c1171008ce3fc705f11e280901d4375,112.2971338
0x7de2ad51e5fff56a33b2276ed5347ce16e85448c,112
0xe95ba7f6b66d326c28223e5f28c4deea779670a2,111.2971338
0x5657f2103b44c469cdc62b04ddcbde13a9c6d0d0,111.2971338
0xfc3700dec137b464e46b3db284d9f2921f34d6bd,111.2971338
0x229d891b3af88d2904e73173927361793d15a5dc,110.2971338
0x721b17c42525188b2858f69324be2e637c5798a4,110.2971338
0x062e80b482e60f0b95b6e178f4f3d9ee936d6d4b,109.2971338
0x0e7acdfd57dbf92d7a5811367ef0048d866ff75a,109.2971338
0x0f5e372dc06f43006a1a161517ee0ccc09a77c30,109.2971338
0x1542c1f8f5b61aab9b3c8e02fd3624aea64c2173,109.2971338
0x19a65a596e37feaed83948526c915e1c9ffbf9ab,109.2971338
0x204724121e75a5f6ad065848cada2d07fc671953,109.2971338
0x2321be8f84c0846a73311dcb95251817f07f2e57,109.2971338
0x23f5f3640cd76cd5657ec28e90b56fdd0028cdbe,109.2971338
0x257e115cfa6bd0c96763afd8bf2c1f40c7a9e866,109.2971338
0x2a5beebcfd2c05794977df89c87b4c8520766742,109.2971338
0x2b32f96bfcfa27429dc0b4497af4745b7771b791,109.2971338
0x2eb64ca0177a6349689fb6fd1e17dbf936c5de78,109.2971338
0x32cdbe072753c73ccb463bf8ba46d6d4fb9a322a,109.2971338
0x35a94678532c62a890163763829c36cd1d6f3aab,109.2971338
0x3fa8f004146479c6bbf2d3a9c9993af379920d33,109.2971338
0x493db6127aeccd595e3356fee0df1325a0b3ab67,109.2971338
0x557b5a68c378b2460ca2c60c2e8a334919523501,109.2971338
0x5d8541d438e64460b4b1f4b53ee046bb5f0e502f,109.2971338
0x6174b83a61390116c35dc5a18b9dbd239bd6d20a,109.2971338
0x66b1cbb66e8f74b65bdfde32969bb36387ec0c2c,109.2971338
0x6774d62d8158ba1f4434251e622274a9a58495a0,109.2971338
0x69ea058275eb7a9b80ba72d9cb47896d1ad7c970,109.2971338
0x70ae8381088e04d3825bcff72387ee8a9d532975,109.2971338
0x7c32046a23ca7e670940af3b5228b036643e297f,109.2971338
0x82620baca7ea7e7d1934eaf9814fef88b63efc25,109.2971338
0x8cd06ece0c9b74778ea9310cb157d0df10c91be0,109.2971338
0x9009e9e91d6ab85fbce042e91085508dc7f5c838,109.2971338
0x92b123b08e391634f8da2ccb3ee974261a7f461a,109.2971338
0x9a1b23fc9fae10dcd4431a616fd0a6b56aafe9c7,109.2971338
0x9b24d9d10bae52bd0ec8119e0560dd75d657bb3b,109.2971338
0xa0ddd7fee15ad33904f0e9e82df41ffbd5512429,109.2971338
0xad848985daa69f69eb2542becb9e1e20e34f7474,109.2971338
0xae68edb87e8b477d3dae92191deb5288d5ca2c2e,109.2971338
0xb0289d45b42a60c4071502c6a7bedd0e64b8d8c5,109.2971338
0xb4ee7b7e6d2ecaa4f72e758bd2799e154cb4eeb3,109.2971338
0xb9063c1758dddfe2e9ff0a7c6635497e9ae30929,109.2971338
0xba884c851514ac378337346a3a16fa6348a1b5f9,109.2971338
0xbc8fd4317c1c37f7ba9983e54b9fd3b277917425,109.2971338
0xc4c1e742a3e00901bd1321f00ca57aacc383473e,109.2971338
0xc50952dcd851d4177b6f252079c9f7df69e8cf77,109.2971338
0xcb326094147d8c038c8d65b969aa223d40cd18d8,109.2971338
0xcde0da7deebc26e6282ce1f79b015b202ed57bfa,109.2971338
0xce2981794d03e11f15520bfee486131c23743a6f,109.2971338
0xcff8f5ff5011ffc21ca5f42f68e3bf934bf3d24e,109.2971338
0xd6366047346914c9e7af211268f5ad3e1921bcae,109.2971338
0xdacef368cbe5771701fb8aff90e8e1bcffed059a,109.2971338
0xdbdd4285ee94eaaa6961cdee039e53f82cf5e1d7,109.2971338
0xe190e563f6682c08e96a0798ab48dd25d607ab83,109.2971338
0xe45e934e9f6cb7083f9e476199531ff855b7c149,109.2971338
0xf1593d9598e34c4890f93d5ef04c080999573e20,109.2971338
0xf5a832c73e4a61e7b31107d9d03c56a048cbb578,109.2971338
0xebae29c3c04795d383c756c535c9eff9a8a83acb,108
0x177b4cd8ab2b5ad714d6ab311f941c7fc94614cb,106.0154297
0xec2e7cd91509752eab9c7e4df3298e4890786b88,105.3384766
0xa7c5e021e9fc275b3500f9d01e22d600281ca22f,104.76
0x3bf65517f66bd39a7924449d0ccc4f15da9c06a2,104
0xc3b22686e8d3039f7738de668c2c885d265c15a9,103.4323779
0x171c5356c83e13a49f786a568c312843f6a66459,102.76
0x61599ad73d9d77834b96616d3d0a764422578890,101.76
0xfaf50f8b02c77b486504e0a2ca9828267814c926,100.6
0xb1d51501613be50085473497aaeffcb61d8be136,100.55
0x62a5a7fd8dac5b0a8c9d72347a2d5e37785b1b2c,100.4323779
0x3c38dd1368cf88819947fa016257db99c24ea4a5,100
0xd1ed332d6a3bad083021a9b830cefb7df73f97c7,97.6
0xeb0385942ca51adbd20a355f8ff669ac42a51118,96.76
0x8b22bc5467aff77a266e7ebfb5a2f8528de7380b,95.31237793
0x4535503c0154f12ef4baa3b493335789c40ea786,95
0xa25b58151fabab1d3823bafb93e2388d70e48f95,93.76
0x3ccc598fc5d5633cabcc0e6cf59fd099f62ea5fe,93.76
0x9af6d3f363131271a46d0e49dfde94554a614619,93.76
0x0fd2e98fce9f056e017469811e517433aacb22c4,93.6
0x3da11f8df9896ae2dc011f55f4147d2ff54a018d,93.53857143
0x6b975e699cfd9944c386502c21fad64bd1bace7d,93.53857143
0xcad21a4612edd5eba03fa18398fe28afebed3465,92.86475586
0xf71cff16fdb6a0c1a350075d093ea947136e9cf7,90
0x38d7ae49377576c9f2a876c9fae1a6019fb9136d,89.43237793
0x997f057098b3c7ee1fbde8dd7483a70e3862a15a,88.6
0xa48f81e900eb91008d1199a0b5a21342f2ef5b3e,88
0x59554e941f0369fa22a328789e375ce86379e88f,614.837707
0xd8ffeeaf562d504d40c0704bbfb71100c3e508e0,87
0x1d707ffecb4552bd272fb9d2f2db6cbeb5fca473,84.0154297
0xe39aab66d9dd924f348fd554f123b69a436f63e7,83
0x0deb920014a94c7bff27899bf62d844938e6486d,82.6
0x9328d3474b1ea098b0434da16f9ee98dfa9b871a,257.1918047
0xddc1aac91b1325b3c0ac114caa1be58273e985e0,80
0x1b24940e0f07dbc07d5b0908c6682b8652f00923,80
0x3f3694519bfb0c1e42289329fb9ae4b2da04e991,152
0xb1c14776d194caadfcf7fecebd24a00e5bdb06ff,77.86475586
0xf986eba94f87a28ab01e6b8444dbbce7f3f91d79,77.02590234
0xf4d33fcdc743e0234437964d088a54c73810da52,77
0x3dba27731d7fe1fd2232ff7eb88a08fc6a4cb276,76.02590234
0x8b721b6c3e89a5a066a423071a1a09dfa16d0bb2,75.29180469
0xd670f9d1940605fcda314bf3f3c13de21c4e6eb0,74.86475586
0x7df4a119042ad85911ddd1c7b4fab637e0135b43,74
0xfdb691bbdbac3db0199af406f3b920f4db89c54e,74
0x94875ecca07321a47911a96d6c22a867fc912099,73.88
0x451398700236481a2b549423a3f5f6332e60ffcb,72.86475586
0x8a67f314451c7706472e8f874a39e3ba3acfc290,72.86475586
0x8d9bd5c2e4b9372d181020035e274c45245ea71a,72.86475586
0x9826f88830da71f5dca56fbfcb6d809ba5c6c5d4,72.86475586
0x9d9167849eb0946656ff85ff9e40a7b0b7a30549,72.86475586
0xe9dc4ffa67f44383db12bb642513c5c44714be3d,72.86475586
0xcd620f17fea4b477badd3a154188cba472ac3634,72.6
0xec4281e8175ec69ffcea6870cfe81f7ac81c08d6,71.6
0xb566a1d320d24737a73c4517279f713dac13a5e5,71
0xdfad1bd1616e58f3acb081a14a4fc4446de9fc4c,71
0x8a8a24af74a85362418b955ed21c84073107f754,71
0x6be1950ee79f5fc7a1fc9f77c7639b064efabe55,70.43237793
0x110bbd9b7218365a3ca54d340ec5e3f65e0d28be,70
0xa30eb2cdc65125d5e201a67f4a8f02948fb14cac,69.43237793
0xbeccd13835101dd7c5c2aaacd918f6c6cb911845,69
0x396c36ebf6fa529df4b06df8d30c1aad4501ee02,69
0x35836a161bc292b241a3bbbbc3bb065b325eb0bc,68
0x0c77743bad21c9d10e78d6aa1ca58642662553c2,67.93237793
0xec7259837d8fa14158a5af5b23545ce4fa8b462a,67.88
0xf2fedb929a335f6c70c0b2d2b3a28a5b46abf7b1,66.98560872
0x56b0cd8db23a16294f244ad9a2ba69f9c8695216,66.6
0x1724e533732edde9e72c54820e8e95d54d3145e5,66.6
0x838f9880863d59a1ee87fd6eba81445addf5c8e8,65.6
0xb282308e51bb97cf7fcf734713d8a214067a9118,65.6
0x269dce61fd18ef1d612656bcfd026b7fd3e23c39,65.6
0xf5910cd63afeea7589603f070ad5f77017cf4bd3,65
0x4c27ae454f987d5a77ec202a6802aa87dc45bb6a,65
0xe3e84e5d769e8d822bdcdfe3eeada695999cd92a,185
0x9e4e2ba4ccc77c00d66be577e93476826f43ad31,64.81188965
0x73c440409d16a17b1dd2f71e3a42c177c1c9dd69,64.6
0xffb06ba566bcfc64fa712f96b1905fb8a6a9bb6e,61.6
0xb0907297818fee9d506fb1b48ea4e56e7b396151,61.6
0x350ceba298ae1fc815eb7ccd349017e8fa15aab2,61.6
0xd13346f6a8e7e1aab7cb2609d6e873d907bdcd16,61.6
0xfb2d07e3c70c718d28c2cb4e60cd1e1e60816a38,61.6
0xef2f753fd8a212a4e8c3313923019058b7add0a7,61.6
0xa321a1dd9aaf7b37145b2848031fceba911751b9,61
0x947966599abcae6752286151a75b8096c7e81c56,60.6039063
0xd2b04cabfa68f8597e10c3350a9c48763c2097be,60.6
0x6cab7fb64b29821b8cb5e994159bdf344c9be9c1,60.6
0x403f18f12c34ccdbdb149c3187e4d62e0bc568ef,60.6
0xe06aeabc1366cb7271ea627dc149caf2dd9fc30c,59.88
0x503ec296d10fe43df0a54aac1b87631eb46e7b84,59.6
0x001b7310c84aeca788a849a10184a910dae16267,59.6
0x387fa2703b9226e6f454e297a44f6c8803e22d8d,59
0x6bc9dc86ccba87a098dfd33bdd5598aaf3032e16,58.6
0x4db69a38474c3117ee875e866268c1fa592807db,58.6
0xa2cf72a6dd84125c7259971d9709c3319db2b302,58.6
0x0a40610098816499e814e01d9ec217fedd19f0ca,58.6
0xf0b4258cb511ab390d40a72048606663373ea342,58.6
0xee2f9ed3232184568f35a7d56d691ff539547cd1,58.6
0x885591165fed9818a453793437d49a904eb5b02a,58.6
0x2fea2a5cfd38afc535d2cc76a940227aeb10b24a,58.6
0x59fa9a248ef50a7c74f142952bf67a7374078b2e,58.6
0x9ddaf1c5cf3ffd71cc10423608b9227e89a0216c,58.6
0x00773abe8b8ccce9bec10729fec42efb956011f9,58.29180469
0x021bb0a1dda722a69b291448ec6df88f32c60dca,58.29180469
0x04e525379dc985aed27f3cb773dec21ef6e5114a,58.29180469
0x05316263ee7af3f55c4daf4181cd6a159bf791c8,58.29180469
0x0855f7e21e40ee1a1b88f5d75f1adb5537fd1e86,58.29180469
0x0a42e7ff88b5177a4802cc61e3b312e529706472,58.29180469
0x0cf52bd43b1b730ea2873f2368a7f9f958fc0a9b,58.29180469
0x0cf92246c5b222987168a728fbed789180615aed,58.29180469
0x0f9770ca86793236c3f5f0c82f0fb72581791a62,58.29180469
0x19a09a420f9abe2acf3ba2f9a8c814d17da282cc,58.29180469
0x1cfe3bc79cfb24081bd8c63060ae3aacbcce6ef4,58.29180469
0x21fd30721699ecfc9794f507eae9a5b577741e8f,58.29180469
0x2d8a0e9c8dafab5d0d4b774b8cefd10eaed02c81,58.29180469
0x3ee2b0308341263005b65f6bbc78e3bbd2d18218,58.29180469
0xd1ff840909a0463790f50f4ca5b39a1834991bfc,58
0xb42e56beba574ee7e9efb98aae4690981fa28a4d,57.88
0xd5a604ac9ba083b1e6bcd1087caca201a042aef5,76.43237793
0xa9a60fc083bd46ab23e90ab3733562d235f4461d,55.88
0x4a55445a57cae656355edfc3b1763aec12927bb3,55.43237793
0x6092fc477164f0af4bdd1971b59773f193f95753,53.43237793
0x1181d8cf45b77fb68998218b4ab84afb9835301f,51.88
0xbd663bb0fbebf520bc242797510e386e03ccb690,51
0xcec05e8d1a4e8cf520d924ca1372baff7dbd68d6,50.6923828
0xc992329eabc9e2338df3252a76abe948091eeaa8,50
0xa09915ae61679dba2762bc327a39cf332f3e36a4,49
0xdd4989e2033895515b1fda9b5fe3e8d58fc4b513,48.88
0x1bfb12def7ed89524c84076fa3e49050d904f840,48.5
0x1f0a0a37322c6e9e728fe3b9d0593d0ac1d8af15,48
0x7596e4832fb8c278dbc81fa8091cf11ec456ca73,48
0xbb86437da7bf1f8bbb29514a02d87421e325dac4,48
0x874412bea941371e636900f59f5ce7827fbde0ee,47.43237793
0xbd44e88246798a8742d310bec8ea3cc2ca1f899e,47.43237793
0xbe7131e3f4b3150755be83ff0e2ebf08cc85bb9c,47.43237793
0x5e1ba5f4244133415ab92e99143a0eda6cc7e5e1,47.22
0x6452a83238897fef08bec6b26ad423ee0d8723a0,46.88
0x6146c34222c532a88e1118d1a9443fed254e9afc,46.88
0x8a8fe7eab277e310ca9bfb3c16983051f5b2edf3,46.88
0xc9b540f0af1aac42d32d11e276d181b75f9126bc,46.43237793
0x817354b771183ab0ce336917ef725d0cedc9101f,45.97094936
0x4f4f6e669412b73730d8693821ff0f6449324e46,221.5459023
0x8d99b04afbb05034e83ae73fe542edb2fa9a2152,221.4
0xad1a1ac6c67d65da86a2bcf997798dd6eee41633,45.43237793
0x9ca75d72a5c9f790e902c236aeb4754db3b62855,45.43237793
0x386583ab035d5df60b293a14d7c37a0689be86a4,45.14590234
0x7ad8cb0adf74494ed4cbca1749f74b67332fb86c,44.43237793
0xddafb7c4fed00d11080f53b9efaaa0cb1ab5cef8,44.43237793
0x4babcf312f8249342587e6ea80d92b7f299caaeb,44
0x32185449a2dbb678ed5fe8118bd19a60272ba144,44
0x2b2053981be5c88c5b184e87771480d2b16e2165,43.43237793
0xb83d5a6190cf90cf7543c4dc454f38bd5bb735cf,43
0x96cc699e369cc73b56359919508780b4690dcd48,43
0x879ca41b7b7e78211986d673df3b26a3ba134327,42.43237793
0x835f97308864577bcd2d1e9d74c9a2a234f82595,42
0x62472c16faf655ec2256fffe2b11ccd25283ab68,41.43237793
0x0452d5fcd90d116dccce2da39debb22517889d64,41.43237793
0xd7e002482b2ce7b21b4935ecce89b6a29eede345,41.43237793
0xca67f911603d15adf36dd66c386bd1d0f6a9cdd4,40
0x204b9da062a3c490ab4e9bce481b44016b8260ee,40
0xc007029cb65068af9e4d281f2c22aec8a2688dcd,40
0xe66a2814b950adb627b1dc8fa072daef22b83662,39.43237793
0x2a7f2b1711f5ae7719ee2be1eab9d61b02e8abc9,39.43237793
0x20bb597ba58e8c5cc7b22d9fa625711d636e7e5e,39.43237793
0x5f9bea0fd0ae72f30626976f41f21323f690ca10,39
0x7e3f4ca44731876ce466efd4bf66e09373a75366,39
0x945f721eb9fa4680009cf87e3b058af8324ff8b3,38.43237793
0xcea1eb394386334902ed45b512fd4dc72ed7fd0c,38.43237793
0x4e9bb12769ef429e7956dc03fcf9971c9e8888ea,38.43237793
0x4ea1ddd364aceb0bc8241a55f718ca06fc492ec1,38.43237793
0xe0a2ddd4840d43fbddc1a8ef74c6cef50279b4bc,38.43237793
0x6ed793185c9771e02e01633a744d514b4fe5a78d,38
0xb1f2ced4ea8159bedd62068295e497f5397543f6,38
0x639d6dc1c1216557f4d79bcb9ee6751e2ab2cbeb,38
0x7be212c7d137c3b7826de3d8197a96daef51db55,37.43237793
0x07ea02a807e0da8c44c4c5cb779649071ff1d6ec,37.43237793
0x98df45b4db3abb978f0cc10a5cc3d822d23c2a7c,37.43237793
0x428fec682b5603dc38e2811790eb5169f6732a46,37.43237793
0x8cb79ddd31b65143aea12fe23f5fb9165a335c32,37.43237793
0x7f99db0e2152a429c8b887a3d799de61edac40e7,37.43237793
0x684000103f1e31fdb59be5ec9dfb6eaf3f403949,37.43237793
0x70f4ed15bca5b5f9a70744a1c26df2e85e5617d9,37
0xf7c4cb55fcd54864aac411467a3902c65226bad0,36.6
0x02fa9e125f84ffc38d019eb4eb22e4ed28ff8ac0,36.43237793
0x03837a9fc998d3dbf7881464cdc0edb54055e825,36.43237793
0x049a4c8cf856b5d70e1802ece4a0f6b801fcbc85,36.43237793
0x0a759ff3fe73abd979db8a029d684f53f78ec6bb,36.43237793
0x0d978a97a4f2edb751f2991eb1d5697fa662af5c,36.43237793
0x0e7d8603b5e456fca2f6ebdba1459cb6251d2501,36.43237793
0x0f221b39ddd60d2c28862f064cefd3916df4697d,36.43237793
0x101d5801c258b52cc1d833e194f37091b731af78,36.43237793
0x117d3c4fee2535840734d89278e409c8e183be84,36.43237793
0x117d44b90376095c9b01259eec6a4a72b3247d48,36.43237793
0x11b8bfa2b9f61e74207e1044ecc71c6f3f45f23a,36.43237793
0x1658693044e9a217681d82ef78b0f473b28f56f6,36.43237793
0x198b0834bc62e80406f1b9ef4fdf7dc9e686472e,36.43237793
0x1eb8ff5966feb81a5326d311d238370717701ad8,36.43237793
0x20a366741de3915c793f8a79cd3cbcb79ec6b366,36.43237793
0x20b9dd713f7d99787991c67eb2bbe9aa72b29d11,36.43237793
0x22eb056c5cadc2614c383715ac71c90c748e7242,36.43237793
0x236260547d9e2a3ed5590346dc567697dba5b17d,36.43237793
0x239eab55b28695e44737daf406aa0f2ec5c67943,36.43237793
0x26313c91049b60ae45a90a66723de6066127feda,36.43237793
0x28d8cb52e24caba78e8a049efaf6af7f3bd01654,36.43237793
0x293b8dfcfffdf6da1b0aab8ff351a84d7d23e290,36.43237793
0x2b2e43cb1900ff555793234b039a1a2134ee112e,36.43237793
0x2bec8868cea226fae5914ddb7b70ed7c5ba58d5c,36.43237793
0x2c1c042b931318df6bb2d9e40d7f67b2a68d1719,36.43237793
0x2ec38bdf2eea4645e2f2bf4e37f913a2b38115fe,36.43237793
0x2f95c1c71a0de342aa161d615ef0b7fedd0dcf5d,36.43237793
0x302f19e75be0a19b529f342a0e99f9116d1e437b,36.43237793
0x30c2a7034c0835878efc8bc3ad1719ee7eb7375c,36.43237793
0x3339b7725ea5b7060afb7d294619b7e3d6071e46,36.43237793
0x3441b4f4f0c9f25df1d5d502eebeca348b6ce65a,36.43237793
0x34bbcce2e754faa874069ccc3db0c98e0d4aff3e,36.43237793
0x360f5d3e2b52bb8a743167be7ada1eb5b5b6e85e,36.43237793
0x37318f2cfa4982f6bedc29ce3434cf1dc9340272,36.43237793
0x3936411f9e0b74b1df6a7f29bae7d7a314d4c2a2,36.43237793
0x3989dda0e365d5e15ff3bee74b22ba15b587c437,36.43237793
0x41d9558eff2e605e73691c87819a4947a6a3dae5,36.43237793
0x4211d21999758fc3467fa5e8db69eb4b3876e28f,36.43237793
0x42838be0e4b518308f503722f83a90063a42a020,36.43237793
0x42a7767307c156aeb48dc535a0233a152dba48ce,36.43237793
0x42ea57419dc86503df5dd2ce599d5275cffa0225,36.43237793
0x44e85fb83cf050fa77dfc238aa8d479ab369eef5,36.43237793
0x4a467fbd03d61a28baa687f9686a28181e634694,36.43237793
0x4c42cfaafb2c009c2dc9a71571bf884332d8b760,36.43237793
0x4c9909296dcbb8213db0b3947c05247a47207f34,36.43237793
0x4f16e46758a702f0ca756bf52c44acabcdf0ce8f,36.43237793
0x4f202d21249166f4b0cef6f7494b2d318ee10b90,36.43237793
0x52328c7910e37edbaf4ba9355a4c50a6b0f8e2bd,36.43237793
0x526bcae0f1aca3522254061bc44301f52bd4bb0f,36.43237793
0x5363441d0fcaa3a6f1d0888ba12d84c11cfe26f3,36.43237793
0x5635ca9e0ea58a2c4e10927405afe59ceb420edd,36.43237793
0x57365afdad02483f1250cab4d831ef7e240a29fd,36.43237793
0x578b1bafa41488c0c97e3bb957cc1d6ebb706732,36.43237793
0x58952c5ad45c9426a25a115edc9dfd3000b5487d,36.43237793
0x589b4996db9ea50c292a12708e120513af8bef41,36.43237793
0x59a317631bdf74d36f2af409555fcc9056e296f7,36.43237793
0x5db78b6ebf44f1c92f09e3f5c8c5b41daf21ffff,36.43237793
0x6042c316e54b9f22599bd78075140437bb3a56c3,36.43237793
0x617d7190114b6803564442ead70d87a0db98a568,36.43237793
0x6280a6026f6a85c103464b9f33a2e278a232ead9,36.43237793
0x63b08bcbdb4b521e067cc9d450d82727d9d65063,36.43237793
0x68f4d9342614dd91ca5a26f8145e651b5984ef42,36.43237793
0x69721b90f0954c2e7a48fe5b179d57b8da45cda2,36.43237793
0x6983085ae33de5a2a57831087cd91ec54083964e,36.43237793
0x69c5dc948f469b99a89992e8b265e50e0b64ac59,36.43237793
0x6a0e1148cceb59b99cf7b7a1f9aa78c42c8abba1,36.43237793
0x6fcbd8e6b3c265ed53713870d5a6bdca34973101,36.43237793
0x6fe2fe18fe1a164fa228d9e6371f2181191ece76,36.43237793
0x7177ba16c5d5928210ed9eead2905a8682105be3,36.43237793
0x7184e268852e90a5270c50cd96c8460bc5e11c9c,36.43237793
0x71e7702b4f5ef20db0cd474b58cebb4f4bdf5c3b,36.43237793
0x726b0bd8370a6e582f1c13623e5b4e791c800b25,36.43237793
0x72b21fd6a61f8d13a3805f88e2e8d0032affe01f,36.43237793
0x76828384fb6bad78c007c982830294fe56490558,36.43237793
0x76bd04f924b70d8823de0013e3a9b256f5ce9347,36.43237793
0x79412887816e0a3334e0c84eb972a11e8e85addf,36.43237793
0x83ccd52047c87a2ec80e46ed785eae545694df6d,36.43237793
0x841b5a9f349887e13621192cddf2765200848d30,36.43237793
0x8446117bf01fbd24996f2223f50036d1b0e7663c,36.43237793
0x85626454c7c39efdb322e909649908b7c94ca0e7,36.43237793
0x88cba9f73b28df829c513da82ffa8244565decef,36.43237793
0x8e97918f638389f86a209f02054ce7847ac263a0,36.43237793
0x9108419cf1f74bb7b656d1016648be198d32c446,36.43237793
0x92b0f061b8b41a119c014ab2a7527ea26c105047,36.43237793
0x95c7a8cfe23d28b5e078e4de070f2d2b252d568b,36.43237793
0x96bafe8fa6d65b2ed238ce3b656621ef3d3c2151,36.43237793
0x98690f9d17c4da105b993429858b907832dbb7f3,36.43237793
0x9e3c5507904e81a978476ddc0fdb1c1abca03ccd,36.43237793
0xa1f44f4c472d57e5125a42d028223202ef8f0493,36.43237793
0xa238b52e3a4db2661e6cf24ba72bcc0095f7ea25,36.43237793
0xa43d9c797c473944c8eecf929a2fc17b7cf82208,36.43237793
0xa6da5853166f632503ed80ce6109bcb1ff174dc0,36.43237793
0xa8250233fc1f3930a38a19e13c5f72b405ecf436,36.43237793
0xa85a0fb0c71eb963673dccfa60745867db464c4a,36.43237793
0xaa5988e1c16318b0cacc230abd6e9b42eff4215b,36.43237793
0xac03a14289464290dc9f98bb001699834e94b655,36.43237793
0xacb6adb3d04a6f73ddc85e4c73b31a2549ee731c,36.43237793
0xaf0b15b71bf00fd4b127c3deeff91625b7b6883d,36.43237793
0xb3ed2409e535928013feb167489d32d01afe9263,36.43237793
0xb440dd47204a4dc31ff710732c81ab0b9722711b,36.43237793
0xb4a11a28a574a9605c4ab78d7a86114ac35ebf69,36.43237793
0xb68b7e10d444801e85640403ce9592a93f068610,36.43237793
0xb9a59a242a7d23bc00625d1d00aa08f6809801eb,36.43237793
0xbd433032b560e9a8094eef83f31aa3b40385ba81,36.43237793
0xbd7e6c3911477332286809806898e6312184cdfe,36.43237793
0xbdc796da29b1ad8a67335979db880cff5b87e18b,36.43237793
0xc08fdb6db917bb0cef58984d26323ed457180425,36.43237793
0xc0c3cb62138b7fe7d65bdaabfa6987c821da4fd6,36.43237793
0xc57483d6b9571fc83b6a3f7970d183ce7166d108,36.43237793
0xc61e0018323265a10e272843c7c6c008dc3875e6,36.43237793
0xc7f026b9cd32d164d03d803a401d8362c0b77a51,36.43237793
0xc8cb9ef6493de928443868522ae83db3c0e314b6,36.43237793
0xcb1c022d0523fe578da8e1cfecfd7c9235932045,36.43237793
0xcc4de32e0a0e1ebcfec7bfd6b6efc0e8ca3ccd38,36.43237793
0xcd46384582171f3315f99f0c8bb13a1e15fa7ff5,36.43237793
0xd8393e0d75c5a1fc6a9e4c813c5f120d19cdc247,36.43237793
0xd9333759bcb81a5c2e84c9c3b5db71e5f63960da,36.43237793
0xda33df2622e0d373071964809fe21478524b1abd,36.43237793
0xdadd5cbd4b4c4df639d62e19c3008e9010d953ab,36.43237793
0xdb63d1f1a8d60558c118175b27f6a2fe47e67824,36.43237793
0xdd5df46a4622667551f8f0127260d2d0e8c82183,36.43237793
0xddcc6af88b04184a86c414c56e502d1bfdab0b43,36.43237793
0xe0bd7a9b97a879f08c7799e7a505a201f2a163e4,36.43237793
0xe27cf6ba3d2a7ed8bb5402e1c967ba319275f8e6,36.43237793
0xe28c8905bc811d5f48017af662a05b4ebc79b330,36.43237793
0xe43b4a87d56469a25cd095fbcb558b7758ba00a1,36.43237793
0xe56aed81a94681d60f8d5488a200dc8218b48692,36.43237793
0xe753ae9d371bd74bd6a574477d05da05d5f0505d,36.43237793
0xe9f762c6b67197856b80a293a997164325f38c86,36.43237793
0xec208b37abe998ddc144b697e7136353cab77147,36.43237793
0xedb4eed6e915ea83f3230d80dbf3be11631923a3,36.43237793
0xf0645e460e4251f9628167db1922ad54afe7215f,36.43237793
0xf1caa14e14ecb3e8335b4ed3272ea1a771a763ca,36.43237793
0xf402fd24845e8e45aa3af45e8dbec5e088b1ba78,36.43237793
0xf7c8a03917d9ae75e580e56a8043f6dd0a303e68,36.43237793
0xf93290b53632cb7fcd60a9f5a1762e5558f4b529,36.43237793
0xf96f55437bb093b22277f7898edae099ceb71d84,36.43237793
0xf9ae757ecd277abdf105904236ec352c36de83a5,36.43237793
0xfc105b434289a3045c6eae1269b6c63340a34b02,36.43237793
0xfd2dd683b7f7df6fb81ec7d6b5360dda4c5344ec,36.43237793
0x10f709907ea5eff863584db395f6749e2dfc2f3d,36
0x89a7c14e0c7cffd808551ae9d272f4949c52205a,36
0x2bd7ffb7df9ffafa802c6a2195947e25edb6366c,35.33847656
0x386018321e347d7065d6b1272d363b4d69750c72,35
0x4eabc5370590bfeaffa643c37e8d6d616a6627a6,35
0x95255a5828be4c6a44fd56de7b0541e98a4d70f7,210.4542857
0xf6ff0b8156786ca5a9a7518c38383677a16d9556,34
0xb1699a7ba4c047063cb567cd14ae636f348c5926,34
0x293f20002a0ad6cd2fc8f33cb7d49d7155fb3d4c,34
0x7bf40c7bf7f88586be43de82b4eb2ad4a2e22773,33.5154297
0xddeba517fc86b9c497806800094a5581bc6b260b,33
0x0e103926416d4b06c2f4fb3931cf8d36a1ca20d6,32
0xce2a3f11de392ca6bca560298d92dbcdcbded701,32
0xe3a007dbf2c1fd089f5b787b4241c40d81dbd861,32
0x51bb40e06f37a3b3983cdfb4324e79f2aa8246e9,31
0x7857ce895694d1745850296683319ea20147071a,30.6
0x29ba63d52fb4c0a6988f4a10e3c986f1c55d1b65,30.14590234
0x8e5ea4749628e086b9f43ed9f43ebf1671743e23,30.08447377
0x9ab020fd91d6909e3d0cbf6c078f8b8163836c06,30
0x00a0b11ae8d75aff0cf5be14763e46c1dcc1a543,29.14590234
0x00a614b955d0971128b8c5a5788c36358f2c2a6c,29.14590234
0x00bf3b5f3fe765c7cee12c037fca620c68245e4a,29.14590234
0x0230d83546c89618af7a53b68aad45c1c69963ce,29.14590234
0x02621e78311a54a39186f1c1f21f647b5707675a,29.14590234
0x02d7a338b86f29c2b94c9597a98ec9ea95ca9aaa,29.14590234
0x054625779d6485d6e97d57d94f9b9cee285179dd,29.14590234
0x055ca309bb3bd2a760a54dfde696a92985e63379,29.14590234
0x055f9ab56b9065722d9b5e3dc5fd94eba8834d3a,29.14590234
0x06054a8851fc1c2f9a15cf36ef4ae2823adb315e,29.14590234
0x060565b3dd0b6b545dfe838defc110a39eb45f31,29.14590234
0x060dcff7bf83c8e6b82d0540dd0997e25c085ac6,29.14590234
0x08ad7e4440ed471dbc7ae4ba8ff8d473b6441bff,29.14590234
0x0912756c3fc813caff565830f3547b1117065642,29.14590234
0x092a2e8e92ee98f68ec171ff5d7d1ab0cad35168,29.14590234
0x0a960126c51cba04badecaefec296f8a5253bdda,29.14590234
0x0b549a71df8d46e406e2a68fdaa06fcf1200aca5,29.14590234
0x0b716580bea4b9e26450b30270383949cb127f7f,29.14590234
0x0cfdfffff44b12bdbe0017c4fd457ca161c62dd1,29.14590234
0x0e6b1ca1f713bbdd223595430d2ed2a2931572d8,29.14590234
0x0ef36c6ffff6a61e126cc649873c20b2ea1465c3,29.14590234
0x0f0e9877619749670fc01c704a2b62a4131bbc9a,29.14590234
0x0f9c41dd05f69797b2e958044cb77a5d79fe9827,29.14590234
0x1074bd098974dbf61423ed88f4163d91fdf6049c,29.14590234
0x10bc1174a12d779e46364a6bcebaaf602699beb3,29.14590234
0x10ee758325dd0a25805e18358df8bbd8f30b4ae2,29.14590234
0x118709204c820a59dd69c88aa1f659909d61cee1,29.14590234
0x19a1a4a431977155109dbaa3ca586a74546c67b4,29.14590234
0x19f1d88851e482755054eca571b75639a297b054,29.14590234
0x1a01d021853e6948f720b2fb303e953248d25766,29.14590234
0x1d3bd1b3a2ad08805edad8c48a6b70b4b7904579,29.14590234
0x1e8f0d25b71135de59ea7ece9627d02157ef8e53,29.14590234
0x1ef122db664bb19ce1f3882e3591d2bc9c4ba0d0,29.14590234
0x219befd5f9835b000cdce664039d0ebdad65a430,29.14590234
0x22143ed9306378f2b702b74dc2ab6261f06d39a2,29.14590234
0x22c592f43c62b8d23d36c0273c0a97a6801da61c,29.14590234
0x22e03833bbd8d7888b02115234fc461c60ef2a8d,29.14590234
0x26d8b870763c571f1df3dde219fdb0fd75b645bd,29.14590234
0x2e2c452532844f185464f5fc24de99df7ba1110b,29.14590234
0x2efaf1e0069f3b09cdaba8ea9a742acb699444e5,29.14590234
0x2f5ea6caa8e31ce8e6322a19bd498daf1f0e8a92,29.14590234
0x42c3a63906add83d7b78af44222c04323484954d,29.14590234
0x477beaaa2b7567999efdc5677cc20e0fa0657a1c,29.14590234
0x488c27b43c0d8b11c4c78e0c85320379a623951e,29.14590234
0x65d71dedbfbe1a0295b678da847fcaa2299f3c9d,29.14590234
0x860d222164d08e05c8b10e1a4ea9bbf43770911c,204.9459023
0xfa24e92f5b848949ac6afb3fabd942119c26801a,29
0x0278ebb98816b0adb42c80de5fd66da8376b3e7e,28.16188965
0x24e95fff5a22418b983d6a16deb105b7e6f54870,28
0x24e32a4632e3862b83563ac44bfaa7bed3eaf6a3,28
0xb0191abcf77fd66a2b4c25c78366a233a9416b14,28
0x2a4279e968fce765e64821bef3fb828226871124,54
0x9ea41c575febacf33e5001c7a09cd52707d6ddc2,28
0x5e429a4e4806409348e17fc972b7f38608666ebd,80
0x90d600c1f743676c5eb677f064a44b15591770a5,28
0xb45e420bbfa0337bc84a9e46cae66b2fac811b8f,27.73237793
0x691f67cda7612585cabd82d5c80fec72578fd829,27
0x434c64d945e2066138348739df03c105ed2182da,25
0xe45d1ab6d404ea192fc2b01d50e56ab881977df2,25
0x2f75a7af2cc48f3f3c5a683ab6204b0413a6f128,25
0x119519e79e680698663ac2c00185697250f703ae,25
0x4964a7c96c31d7c2af062a949e054e735e2d667a,25
0x47e6ca2a9513be98f511f8850bf4cd7d0cdd2f0c,24
0xab65a98f7f4c572078d3782667bf1f315fa423ce,23.61494801
0xef0b56692f78a44cf4034b07f80204757c31bcc9,23.61
0x92a4327393c6aa81d0500971bc98c198590eabd5,22
0x63cb6ddfe6c041f57395573f215e8dac0988c052,42
0x3d8250ac679dcfd1e90c29e7a64ab5013645e579,22
0xfbcd27af4554c54ed4e3ddb38961294cfe1704de,22
0x6d5f23f4f3fb66faffac9667bc57bcedcaee10a3,21
0x82888009dfffc409c35e8a6b6d009c948a0e07ab,21
0xf84c4c9495d5a5d14ef02daa33f2e22b8c6f0882,21
0xa00faecece3f52da9c256bae8808c80c01b178ae,21
0xa3d96b7384d2bdbc52a59409e58c6cb3ac237cbd,21
0xbb4aca90f4d4646c8a19a715cf663ca73d028bb5,21
0x64eee89e97c6b52eff62ef9a082700b7c9026ac0,21
0x8e6cab692eddcf25dc783cc7cc3f1352b7721acc,20
0x8a1ef1e06bd14832104814283a30f64643a1b654,20
0x87be4ce16962332982f99d33dc78207ac6d6f47b,20
0xb37d60b6f368deb445b8543abaecca06351a9932,20
0xb90606b1c8eff2746f1e5d7ed8320106e2bebcb7,20
0x7c9c25f4cf1ebf6a49d6f600d0ea17ed1f63233c,20
0xe8f47ffebe74b21a5ab6792f366d7710513cab91,20
0x66ad18180732fe180d141ba904b6eb4e22888764,20
0x2628b141805e35eaf75886069726155be8ce6a9f,19
0x8e0dfaba0c0605f8bca84ff80055370121b34e68,19
0x16fc4bec8057ebd0678d5a6bc1424de56c7dad8a,19
0x14e7743f1262805a14b739befedea2f7b2fa95e6,19
0xca375e5f80e6105304209c2a2e543ebda34227cd,19
0x181415675ffdc633feff77c1752557d7b6eb166e,18.5
0xd92ec2c0704a1b1484569d455d5fc231fe4c1919,18
0xc5c40aefa19672cff5d6ccee065c34151c41b2a8,18
0x68bfb29ada3a43aefd7b64e1e4b410519dffcbc3,18
0x7d1a292d3947c858233dc714e5cb79637c0ab77f,18
0xd33593186dc0b04016a1b5f96a995190f99f9ec6,17
0x6aa8c56af8dc51d8913a9c54a951f27d9a33f5c5,17
0x424eaa589f4748381b957a05f837bba46cc979cf,17
0x090f991dfaba9aaf8a7f01fc3db1788609caabd8,17
0x97acc75bbe755ad36adce310257d281a317bef41,16
0xb38c7c38498cedb94d1104f62e7d718b6fba174a,16
0xf658797f52c69fd4c5f2f1f56ce35a6945d98856,16
0x280632bf306c8e54a075a98989cf59646fae22ff,16
0xa2899aadcfbf5e0cedc2b338aa043f890eb3461c,16
0xbabc2c8ae89cddb933ec006f43bdc0955e56ebf2,15.48
0x0472bb9ce04ad2a5813e6ad6ca35f1eeb7751d01,15
0x3a1790368fee82e1d49d2125a9c33cf64872158f,15
0xe23b70e30fb90305fde0cad3a29b1d67700f0cc9,15
0xd98a6b2b72d52bc4b3f1b12335221c1a3bbca95c,15
0x79db2f9f5879f14bd4b75efa5bb4dbe6c0140e4d,15
0xe450e54360812739ee1c7e492f9c11cee97de9fd,15
0xe4632a664e0c5ff9522e4a2f2f6958b36b7b73fc,14
0xded6b0cab5618689db6b1cf35763216823bfabe1,14
0xa7a526359e6faacd1ee4220aaf3ae339ed677a03,14
0x06605d0110a53cab3c599495641dfdf217dfb3fc,28
0xb578308c228aa9733a00983b00f888ad0bd13252,14
0xa5e05f7548a9bf016b52cce53013def070ac83e6,14
0x448b11d91e16a51e7b10c845fd7fda18d8f5b0d7,14
0x768391b1e2bf93362288a771634921c1fcd1b749,14
0x88158d8dd52cd3d26bdb308d2107ef39798b36b9,14
0xe2abec118d51c12c36278248ebb95cc5b11af56b,14
0xaab32d4c2eff577e3f80ed323c3c6fe0be5600f7,13
0xf7e6768f3d0df8d7986c3048f3fbe553984d58d2,13
0x581965b4bf5daa1694d3fdb504738a4b497fa985,13
0xcb788115b3b38188ca82330e99c2b60a8c27c090,13
0x5a968d7cdfa8f2200a972853e9b08928a941be0f,13
0x1f81b87d44aa39417a483ee667c9855bd4bee302,13
0x0b145c3050557259ccf35bdb2329fc9bbf7f0496,13
0xad92276526c68c1748d975f03e3c21eeea736153,13
0xca654d67952496872fa980b294d07d16219477f3,12
0xe6d670d6e4c2cc08b3d6cea049916798e79d73b1,12
0x9850fac19cda3514e79a7cd5b36407957cf94190,12
0x3865001a5e4888e4ba983c666411aa4616deef45,12
0xf531529537e4768a89b49453005d904b008fea2a,11
0x6f43da450c3cd6abe1cf521dd3a152729d39bc8d,11
0x07dc8fcfb6ca80d041ff699d097a56b50b5bad39,10
0x5decb834f73a9c1856486a3d9a8ed0300201fb37,10
0x9db3630cddebd92476f668a323acbb82d1caf7a8,10
0xba25a2349004668dc954bee8080850474e5d253c,10
0x476f75b3673baddbdfa49fb2a38586f852afb22b,10
0xd68291b0f36da372261cef7ede122b6ddc7f61d8,10
0xf270be237ac4427b8b8bd7ed6892f8a586efd322,9
0xeccac79505b56a3695b385a54816da36069d60d7,9
0x81f818d6a68d058a59972dbb851939820924d8e0,9
0xf4e7c0f66bfe48ad14155f3f36b0541bcc4bebaf,9
0xea7598614e74edf32efc7adfd67be5cdfda93720,9
0x1b29ad27d8c7c49306b77497a5e255130414feca,9
0xcd9922f75385f3ec2b83483679a3fdc8b8369de6,9
0x5905d6ce5c1e066937baaed93a1ee1c0274598bf,9
0x6339c146b56b592e85bc3944cad512509cc97369,9
0x4654313f8921068cf9371701405714ac9c1e93e3,9
0x948750fcfbc0340d30acceaf36cc40477a2decb5,9
0x811faede989416ec27ca211d11796fca6a37565b,8
0xe304eabf0486526b9edb974e888214682b824cf6,8
0x4e9b8b61bd25717fea242e6d23bb82a0b87a0e32,8
0xe85883cabbe47c5318b43e915e27ac2f4c133c7d,8
0x4650017a1543d9bfb31033973b88c27640f4f1ea,8
0xeaa93839062bc3d8bfa91a94ada0e238edbb64fa,8
0x202f83ad654dfee4f2cb1b2f7d278e6c70c504dd,8
0x1a9928088ba2a2ed8020303fc01c0bccf387930c,8
0x6ec074f0b6ad162960696d91a27c0aaca94df31b,8
0x3b770d584bf7dfeecb0b2e0d3ab35c38ac88826a,14
0x25919723426955988a1dd738c43a1ebf312d9f90,8
0x3b73ceec8e83458d2059772b0f74482b7a3d3b47,8
0xd6a12517c8a4b41c08d19c7fd55685501c0817b1,8
0x064c458955a5383269e87d8add384d16444d07f1,8
0x86ac2ccb480c491eb95933eeef3fc688767730eb,8
0xa5824a8f9e997e50b62b5e4130b4605b6d5404cb,8
0x407d9a5f159af5d913978c73d132719aeaedec87,7.6
0x100f962b248397b912bfd6a71f003c54ee1a19f3,7
0xbc032baa2302020c18f4d4e436a7a04e01063f64,7
0x358dbf9f453dc69ddfcc22557042bf888c2229dd,7
0x2562d0773333477b4f4e2e8a5604b2667982ecbc,7
0xd707c6b8e59f2e2cec690d0f8892b6db7347323b,7
0xd7ec6193ec5bfbd3d439a6520a80c5a342e66bd2,7
0x1666ac8577472241ac49d4d764e97d3149ea5d64,7
0x6b17b796d767377af5a792a14d8527281740e1a8,7
0x0af0747a82988d73317b9a4c916371c8ea995176,7
0xf926afe7c49061185ed0f5ccfaa2eaf36f3c3a49,7
0x348663352cdd7f2e4b9d48a8095899b3b6f20517,7
0xa43ca518052ab5ada32065ecfebf380c2877e21b,7
0xd652b010b7031a9464b43a4b37e87dd89c07d97e,7
0xe072c4f027223c0756fe69b9bca858ccd1606963,7
0x3592cab5540c0be4843643a988de6165e39c4036,7
0xe94f53b2affbd5e79464103a5ee36b84bfecab6b,7
0x02951f2b1095bbc49b1e313882ed92923e3a5565,7
0xc33f12b2af7cfc897586961f63ff6942a6153b7a,7
0x83e423258a4b01902d7e4b1fa13dfb7509a522d4,7
0xe13966df52c4333e2c03fffa5dd2cf26793ada82,7
0xbed8c003855f29294478f336c7730574319563d4,6
0xe923c58645e2af9bb3865fba75075bd6c22eb7a6,6
0xd8c5a0464ba02f1999641e03cd0be2499cbf5c30,6
0x8ff5de8d695a185372b277311a4a88f14e3daaa9,6
0xc1fa1f3a5c2e058b64c3d62197117ff22c6dc0ce,6
0x9b67c5fde66db890f6a12944d8295ccbd1772c1c,6
0x7090ccf88208bb19ab3a946da0dd2c3943872a41,6
0x01ac943dc963a472c1193c5ffbd391c7acddbff5,6
0x0987020e9906d716fa7b565eea67e2ef40f2d445,6
0x5c0f34dd011a6cc66a9861eb526ea468f503ea9d,6
0xf2517271e2df64d6c39dc8b81ecce0df30b4e0e0,6
0x32becf47cae361e510ea80640d55c774e5abc100,6
0x85c358acc783926b62b6d94ce8a706bd43458f08,6
0x6f38a643eeb54fa043703142ab42c1612a3e1043,6
0xdfb80d4eb7043e683a4479b4a4848c70d1c8c8d6,6
0x2c1b0f986d70637cc117480b17d6ab1bda8a5452,6
0xefb2a7d6c4cf6e6cbffd042c38631e2f6d606056,6
0x80c2fb87eab758eb85bb0599d4ebf3c158abba2a,6
0x119d6592751db56872ff81eb4c79927b047298ca,6
0xbe73f39f284737997502b7378083a5829a4a7698,6
0x3ae35475d43c57dc6cee397788360e006489f15f,6
0x9d8901e466c369800739ac6c2edcdf1a127852f5,6
0x0d959693226d9f9c2afa12b1ab014a6ccd0ef88a,6
0xa47c2296d05feb50315b7aeef6e7ee8fe298082c,6
0x19044f41781e4ea93956ff16ecef69cf52a26f48,6
0x8763aaf4450033005e70edc172053f246b3cf5c4,18
0x0cfdd072382a3595fa30038ebe3883d79d7a4c05,6
0xfd1da675a36a076f78ded66b40da201083115d90,5.9
0x2861c6d79e70c9e35c33309174c2bff3b817e94e,5
0xd71631e4cc1e4f457f818db88e074e4d4fd9472b,5
0x643219ca7243f6b9896e95bf4e9db27c23702775,5
0x98e975a693c2cf4cc5fa4037b47be3dbb46d71ae,5
0xa7dd8b912349c458fb501e2fc307f1234297de60,5
0x873cadcf2f47f0ca72856da8b854d19c24b05877,5
0x247345603a24888c89f11fa9f9a25f170898f02f,5
0x23230789629cde13f28ed45f3540a5d008d59db3,5
0x290fe9c1201d135041e51557aa7989e05c4070f9,5
0x8af96e72eb6cd55b0ff0c12de2d80a2bcb9fcdb5,5
0xab97f8e668eb6b5356002a3ad910a546829805ae,5
0x45eb418be78d0249b4d458337a6c7b2d3a8d59af,5
0x4429d984162e1c4c4cd1fad6885a78f870c4b892,5
0xd3da9c291818c2db241cc7e66ae519fb6c677e23,5
0xc625c6601749bf82dce6dbf25c8031dbd745b381,5
0x485b17159a57b6e7f4d3315c5886b2e37f77809b,5
0xa535dc8782c0142adf20f91a03bfa67e41272617,5
0x28500f456a47f2cc03c9cb4005f140d33562a041,5
0x22188dd739090b763d46a5071548d36102290dae,5
0x9cabf210cee0f46b2b31c628edb1589b9f4ffb79,5
0x9554c5c96b759d7cc862c3c65d0afa8b3651475e,5
0x60f1794eb2faadc19b9bfafa913ebf4e858d83fe,5
0xccefd45b7cb4f1a4ff3fbdcf7ee0240b2aaf97eb,5
0xd1af573f0cb2aaffbd459fad4b438065792bee04,5
0x58dbe508cd89ffac417d00a345a283f09c4ecc4b,5
0x1d61951b8b6f074575aa2512585a40234e87fcc5,5
0xc01c216487d23f891c27f0580ce8cabc9e242b4d,5
0x2b6ea4917ce701e6b2a916e65b07af608ab390ff,5
0x70c45f6c385756ae7c738bd4a68bf86434631794,5
0x8dab1b3d91f69f249c2fe351a2c507347ece01c4,5
0xb77669ca1546a46a70d39db1c6336f3410973abd,5
0x85165bc8e4898335f25f37f29cc2c9019449c9c4,5
0xc1a8b52d07f34139f76bcce7194e89761e9149eb,239.0303613
0xa710b041ad926e42cd83f0cdcf73150d2edd8a91,4
0x98f896d188ec28e709df6aafe9908edfe08bcc3b,4
0x3347701e8de3f561dfa63d1fa7bf1ec2ef93a19d,4
0x877e07a887ab871ca6ed5c7785a731d9a9a15ca2,4
0x1e6f237e2a5b8f67da12a39e7170e675d094daca,4
0x2fc532adf6566cd250d9a98998220e27faa35a44,4
0xb3c7253227f8f0c8cbdb9a78106f584b1291366f,4
0xead9ae3c6bb1c0f7f8fbf3e9a4f6b3ed0558ffb9,4
0x2dc03b51761d6c333ee8ccc116ac22344679ecad,4
0xed63c7e12b89b8da539c80aceb7ba4da6d6bed9d,4
0xd1f155b5ce0c9dd911b0799a15cf52c03da1fa63,4
0xfdc60892b1a979376590b38acdbd1e533a9ea69d,4
0x9f141a20afb661b51cffeffd82409746a1113a7c,4
0x8ffcce4c01e51a5066bbbae83da05d98145248a9,4
0x9b3274d6809e1edeb53b9810ec6f33f28a505fc5,4
0xc00dfdcca12aa78e33d5b11fad4c68e0921f2a4a,4
0x857c6720191252054de903869c9c943d2563d490,4
0xda67b304f37e04744e808fd5a26154e364579e35,4
0x7bcdf1b4ca2398e6dbbc9975ccff147de4bb349f,4
0x21651640d7bd13600e60ebe08bb1323c1452e258,4
0x2ef591b607218e028759a86931c1f0bec5d58f4a,4
0xb776d7c88ced76db086a508787c41ba2e1cc0763,4
0xce83329da413472e353d62e63cb61f903142ec89,4
0x7a4792819b158cf4168b78d56b44a60c4111734e,4
0x7c9b25e7c980031d8b426df25df65c57e9fbf789,4
0x2fc0d1e9382bb79da48fb63d2c12fc7b33c4f233,4
0x8f71598f9795510f80b78ea668fba83497e61713,4
0xe7e7fe77c4ea0ae2c6007aa38140daeb2b036f8b,4
0xa3bf32b3b11321f854fd2f3f50944dc603ac2e78,4
0x8addd171c776433d4324cbe8ef1b81a70ecc6738,4
0x7c8c2a8c784d1df830eaeed3c4d8bdd398e94e22,4
0xc83183476c46b36ab016efd7edd472fcfc458476,4
0x00f30b1dac74915b1fe14a38c357d93ee65d95b4,4
0x78ca414db8b543a42117854b68a22e2eb035a3aa,4
0xa6f2f53f20022ab728f1829c306bc87dc0ff34b5,4
0x245052470c22b48b1d303a5bf24a0421f246d552,4
0x5b11d325849e84d07516aab9378cb4a586f23542,4
0x43c59d45a0dacfc62fecd8e7ea100c8513aa3870,4
0x9f1b83526b97f19f6f281ff1023180a569799898,3
0xd68795e4986b18c939caff55c0b6aaa34409d682,3
0x0d4489148f7f23b837630e6d9dc47434b1eff0c9,3
0xa67ccfb0e87e44598aa32fbdea9d91ebba92585c,3
0xbee3ce68e0fe5a92d75bcaffd677e999c3b72c41,3
0xb09d6a302f686ecc649a07a950333129ba9782af,3
0x481e0c2a0c89369607f0e1eeeb7d114815574967,3
0xbe2ee90f83bdc35ddd79dccc9b192ab1507dbc12,3
0xeb6b1052b13a7957ae7652fb1acbf6add59e6313,3
0x641b93a60368704787ad8e359023d0a217b89433,3
0x73c20db511c6081e9c22c4288778132c80f4d9db,3
0x6ba48666457f7d457cbb9b56f458c56c0201d38a,3
0xabef24b76efad7f140c6234754c8948f8b962800,3
0xa01a9840a818362f20e529106589be12d51de7a5,3
0x895c36df88bfc1d38c3a5603f7826ee95205a078,3
0x10938b1aa46bfa7ed40ed7bdb9cbd5aec6ce29f8,3
0x441e687f6e199cb0341e6c22c928d7883c95ef45,3
0xda2047b02ec1af974c4b27c427d907c0963dfc57,3
0x685d42e3b10ea52aede31c420ba1dfe1261d92d3,3
0x952c789a0460c1167dfe51c7f01737775bb5c4f6,3
0xae6f0e709baff610c05e124e61b68767d6b66a7e,3
0x7ce3172f7588d395b2dedefdf36297c71e80b0a6,3
0xcddb13586fcc78b86a5c84958a51e7a60f30436f,3
0x7720cdd0dc733fab9783f937659b3f097cf634a3,3
0x44d4297c6eaadb517af3386f4e827d3eb8626f3c,3
0xfd0c5528c074fad0286c012e2eec2376fc9734c1,3
0xbb8e928f1065dbf5a412010db4f43e9db922eb6c,3
0xddc2712663ea04b42ee3ba246686c018b4e5a3cf,3
0xd6fa41fb3c88e0d8eff25196625e2cfdc269eea2,3
0x6cebe3b21f4b78893655a919c276ff0c0aa91e54,3
0xe3eaf9c598e017d2b07d624b49dd87638f82db14,3
0x42ddcf6e24cf7c4cfa27f8efc5fa5cfb1670c1ef,3
0x8d737f56e93244d891973efd2da8e5b189af167b,3
0x04254a1fe0585bfde14b1d09d58a91d0471d8832,3
0xe387600d496328c0fe1b5e61be92809cdadc9b79,3
0x1c441f1f5a1fd40665f2b449566485bce0b2404f,3
0x40e536021fb241edc3ab0aa166799827e2eadd05,3
0x096713ece8724e2d3203c9536dbcbcf0fafb3690,3
0xc540b6748f64547e213f8e4dbe84f23da416794c,3
0xec698cccf335f2eada49d67bdfe34a1a2b58e706,3
0x0aae549e58123453ad5681a71950aba2b4953f7f,3
0xe7e449109a21dd7061c2d4f8d3afad56747583a2,3
0x6916304921092019475cd784ae6c6c8bef418b20,3
0x9688bf59b9e1b61c398e833fc4083f277c435a5f,3
0xe84f045c4e41c6917e756b12e7e5d1944a0197dc,3
0xad92f1dbeabb7df9a47aa380230b60d3d45e890d,3
0x98a93b774a92dd908c824404dcf574ea585be721,3
0x218d7499f426df97ce694dc720ec2f4de2faf0e0,3
0xc3e469b84e9ff77a5ec4df881f1efc3a944b4673,3
0x35a9017cd2c7230b2db11b76ee3515151ee769de,3
0x299d5200417b4a65ac324c3e455cf34fe9229afe,3
0x53acb0554867f8f63a8dd759caafa0dcc55a5bc6,3
0x3a8460b34ef88659133c5180dd1c1aee8eaba75b,3
0x1a23a44f23fddb35547c3434342435e12ec3dfdd,3
0xbe500b7c8b834d3cc3630a8f2cf3dc8ce6be5e2f,3
0x26c39114af7ba190575d59fb4a00aa08de9de4cf,3
0x387b1fcbb14110d05278ab203d48eee3392bc317,3
0xa3d426a3e81862c0e3f8f402bf7406bf8a95d5c4,3
0xefa3586ff53103d7969b3a60a293642dcf52da91,3
0x3e9ab5bb830c949720b0dae648b60373190eaed5,3
0x64f7fffa826acccba29a05e2b872e9835c00d481,3
0xa56a85c67c08ede86a8bf5c4d3e7eb0f8b582954,3
0xe4f24760f8745e5f2164fa2c41f6bd032d98883c,3
0x91afca229cb147700a0a3b833d17411e9bfe5d90,3
0xf41165d7255e460c832380ebb7e1a1a6a99f84d6,3
0x3f2c034419bef3cba7175ac7707bb700bf9c88ea,3
0xae8b0c4a4e3ea73cd8284541dfb677086685bbf5,3
0xbd17a0c53dfee3ee39699948ec246228abb0c633,3
0x39e207a9d234c5f3e612ab7f8b6ad8b330aa6ec2,3
0xc1b016edc494e29044102fd9fe208d23f72547a8,3
0xfbb38a654e25c4ac88e95f72324db9c0fd94eba4,3
0xc249da1311ce5868a6f2e51696dbed647be84971,2.492404016
0x77ba706cca23dd168485264c1daff882d094d950,2
0x44e3c27169f00f71c5a47d56e93563bdf9a7d6ab,2
0x5367db109ae353441b2dac99713ff830e8097f8f,2
0x15fd2f4dbdefeb1116319628330fae3787748789,2
0xd340ed0586fb73074c7fe1a5599de0bf735165be,2
0x5b4d5705b4f6ed9216ab97534663b648a6741d0e,2
0xa8c8141abccc45bc5ea4db544d1b29235f72491e,2
0xcfd25f4e18770d02194ed28a9ea1c07264adf4d4,2
0x12027244bd0ed121178077a509d59310ba2c2855,2
0xaa3344754d175c8a8c8704105b4dc9700b66c38a,2
0xf7b7badd367497ff47e4d40dda50a78c932ce58c,2
0x9428615c36a8ab5fb744b3b460960d4a4a86f7b4,2
0xd54787fbe776b239712ccf320f4563058e568bbf,2
0xaeafd617f61daac36652e43f3e8cb0a8ae81feec,2
0x6d4e9fae6d15954d534b9f435bab47e5456b1305,2
0x0d1573793ac63dacdbee8c123979ddd787092a0b,2
0xbaffc54777da9ed1208470395114df04407ad032,2
0xacf3c4a06c5a8606e5e8ed0fe30996c0508114ca,2
0x128574e27c9096852e7d645d24edf89978d2176c,2
0x466884e9a148adafdfc343bc1ddfcbd3ad6d851a,2
0xad326e3a0b9c9321b052d5f1cfe601584c0bc7fd,2
0xd578767b89221b1b1f61f008307313cfcd3c79af,2
0x0788576cc052a38a1246a97acd5a2a4124c2d9c9,2
0x074accf66c2849719039224339578542ee681dee,2
0xf00321315771dbfc0e096d7e3c191421fc73ea8b,2
0x7731f62aa0872944df74c9122925fa2175040783,2
0x8974596c58185020712bf6c41f717da87ae49c51,2
0x9c3c9db2670ba18e6d4003a079b47678e5a6fa09,2
0x1023636e61e9f24c30f41c9478512d240fa101cb,2
0x8e5a74b223cddcfec6778cbfad42c04d0e6d476b,2
0xac05cd23e35fe26004d076e5b6cd3f75bb560f26,2
0xb24da093dae6dd5b596e9d32859d9767c919de1e,2
0xb365c22c64853f3b83dd87941da1980374cfc7fb,2
0x06684e592a4157113b29cf63b1eec1f21387e325,2
0xce1fefd4e861e6d66cb2167ae66ffd24ba4b1e79,2
0xc1a38beb0d00c47130a0096362d0939cabadf5df,2
0x22d4fa2249b52dbde3654d0c47fcf125b0f648f6,2
0x3a559e0193d85a7161faf80c678c8a70f00b5a3b,2
0x71302b679bd689a113e040a8305dad8e709543b0,2
0xa612b322ce6f3d2e3d11275e289827fb8ff8fd51,2
0x6bc7e65f805df42a8c3be1489dc1e45623c02cf4,2
0x00e7892e965f32b1a496558ed4eb19fd7e8b1202,2
0x8fbe8b3ad351bffae09901ecd253173cd5b2a1f1,2
0x9e02ff439d94b1211c4d8352b8181d0eec196c57,2
0xcbc6b3f88747c398831bebfae56a57036d4ed0a7,2
0xd021ed18898da8e495a6ca1971f6accb94bc4be6,2
0xf05b075fe801221a20bba5f8913387ffd9e3c76b,2
0x91ef980bf3cf3f19d3c941020219b259e83d6af8,2
0xc755fafb6c92c0c7cfab476e28b5ade52a648680,2
0x9035abf650f35070b8b210aa6f62aa930f84b745,2
0x2daeae4554ccd1319ef00d5d2db753845fd1fcd2,4
0xce0d2dc650b60e25cb9016be5bd90d63534ed54d,2
0xdbb3699c680eea3aeb35042f316a2c7e9236f7e7,2
0x9c2824499ed9105568432828bbbea6fbf2ad2469,2
0xad5433737cb25a4f9a46529f88308d80c5872613,2
0x2ac782feb46d4f750812ab17566b18a398a4e6b7,2
0x8fe3d52ad74a19b3be143904dea3257c96738fd1,2
0x857ea77ce69e4b1d52341618f2536424a6e44f88,2
0xbfe248a391ceb97707326c7bc6d906055b835fac,2
0xd024404cb2e0d799b56f9e3ecb34bc2df8a8a2f0,2
0xa98bc24a3912c0a2039e93fd88dc8d23a184650a,2
0xf17c4ef2429d46943ab10062fd32f2ea3441f623,2
0x54ca39290a74cacf4eb51a1e85710ecacb161222,2
0x728379a88acc550b815e8f10b26c03097dccc290,2
0x729598671c36e8b2eaef94ffdbae67a10136e8ff,2
0x5e0f7f2647f161862d5e8bdcfedf8e282add4c73,2
0x00386f6d26988b55904b207e7f4309ea34af9554,2
0x31b7b6152d565249e865aa7e2d19d7515a977018,2
0x19fd5b0373b98050dd4502d3695783bf0927aa46,2
0xe928694529f7579a59900bb1358144a036c2f181,2
0x6f5b679e376deea6b7a0b7d544f34400f8ec99d3,2
0xf7c515f04ed54ddc0a05e4aebc4aff2377a42880,2
0x0077b23587de6bf6fab30802b766a34cc9abb68d,2
0x653a3ed790ea4147becde41bd0c061a072780ae9,2
0x5d48ec40e9b55ea94f3f35729d839249c03c351d,2
0x1ee4b9ab3ab468346262cb934f41fa8066875334,2
0xf256458c31fbb54f5abe10745158a3e531944fae,2
0x64928c12f898f7f1bcb282788fec83437ced8d72,2
0xbbfe7b5c02f5b3cf796643aef4a738066b2e6ed7,2
0x34552b9ddd8109841183a1fa4d235e1e49fb3451,2
0x9df520f9d9ec6fb9a8705f9f7ef6808159f4b25f,2
0x31d144db4cf03a237800233717e7e118b1e3178b,2
0x53ba53358932df8e95d377b4137b227c70abe282,2
0xd48e1b97fe5fec08f51b5a72035cf338622881d0,2
0xb9607830fded96b56a550f1f044102e90f317926,2
0xadd6805b30ef7187a3b6cdfee4060a3f0c98a248,2
0x0db2cdc5ba76f1cb7a926442c800c0785d76d4f4,2
0xa0af2dd32c35f867503fafd1f4c269eee1b2129a,2
0xff55b41c640685c366dd978e42401da1b96f9fd3,1.38237793
0xc57679de6fd218307afdb62d8b5a53c93ff1a5f5,1
0x2c56d06585f2a1abf0d23d90a08975fd087306c3,1
0xbc7827509e45b45071f399afed219c7b25e6429c,1
0xb68d7a53bb8be30c1722dc49df6e7a144cd64811,1
0x73f1c12c6a17c2b8fab66ad700c4be964eef2347,1
0x66b299d29dc2e54c3d1a361f4b2715599692a133,1
0xd152539b3e822f73943ceffd6d0dc6c934042449,1
0x99b182077afcadfeedda053b9751006becae3e72,1
0xbe2b289dff993f427a6e7c1a0d31a42bdfeef28f,1
0xbf42b14c34f32083e5b17b2f27110656fbe60fa2,1
0x0b48d8fd10a7a71c9b36db4bc1e6291177986b4d,1
0x8b009ac9948feecf284dbf1adab10fd13a09a283,1
0x6eedd7c63d49069c9ed70566ad0b276a10c0c22c,1
0xedcd5ebcad5e7aa3d08531c131b21d77726f69f2,1
0x2168568751a5607981557a6f44966a102dd94b75,1
0x070615088aa98e653a46c6db5de42cbde0e7d3a1,1
0x148e8ca5c053843dd616118a189f7f38072cd5a6,1
0xb8dbdb42eac217740ac042684311c73f9d8bdf1f,1
0xde3805f9dbb8f8fdd02bfd01dcda33241337efdc,1
0x194ca440b2c6cc78cab0789e84aa38b3c644d0e1,1
0xc3961978e4ea63c83e3434b4e19eeff79a0263c1,1
0xc90dc67f661dc240a47eb0004596704a85e32d91,1
0x36aea57d6336c04b99d3d43074bc8792ffaeea68,1
0xeb9d5184cd7943190b026f134caecb9c8841e173,1
0xe8ab103b7a361b94b9311299d6d99e794478fe0b,1
0x4701a8352a7b4815d9b2f3ea2cc9579e1c4fb01a,1
0x515ca3b3beb61f716742af3543f9d167726ea4a1,1
0x357afbad078bf2aee22e1a92124aa7728edf9b91,1
0x482060fd500cf7db3aacc4db014a7d901d2e2089,1
0x4ab15fadbc1d1956647a19783ed123ec094efb3e,1
0xea8d78bfdca5b36ab5a63139c3c8fc3817f7c28c,1
0x48fbbeab6d9ff085f9611fdcbd2835109cde6bdf,1
0xd09849a7414174123c668644df1b65de8f286ec8,1
0x445e94560d8dab4c0fca7886731ebcf97a16200e,1
0x62686fd575257172a0fa42eaa27755adb55662a2,1
0xad9d6fbba0eec0d77355663468b2fafd44678fde,1
0xd3a42c1a3c738ceabe6c4a1c94151700f06e41ab,1
0xc36ea01108ee493c845c9a5e8a2d96e5147ece4c,1
0xdc28b7277be86d9a6782efdacb692e10fd1e40c0,1
0x0d2b1c00c79b49455ad9ed0fee3aa95a5f0e124a,1
0x711962215075971a6f61c43d34baebf5c2c936c1,1
0xd2c5ccd8d1d07a51296095e5ce1f98301270c5a3,1
0xf67d9f7ae1101f11fcf3ba0fa4cf1bdf5d92cc9c,1
0x2c6688c817ece5a1d766397e9c7ce1f539543968,1
0x26e27c878e4275847d6a8ab54f3c5992d1068239,1
0xaf01d4c4911f7618bd3dc4ab3c7509c3ec6756d0,1
0xa4e9a2e97f7c9ad9c28bf901344b11554d87e84e,1
0x0ba84f29c0ae55799f2d4c33b5d051a27f79e48f,1
0x3cb226ae639bf01052c1c8a0479c2021d1906d96,1
0xe291706e49dca3db838baecd133f0dd2098edf12,1
0x9fa0ffa8aa9499381814522f147fb65963990550,1
0xb7dcec740aa6045c8c07c16221a75b5a7e25883f,1
0xeff4c36df311bdab6f51e8dc169ff58418d5e60e,1
0xbd1b166a971e1f3d68590716a46ff1e5d06e1e04,1
0x597dc4159a4b85c086c3c679a0b6c8fe2836886f,1
0xd6ed6dccedd1e2c207a11d69cac57cc7d94621ea,1
0xca003429149adf1811e94dd7c5d6f3118d06a751,1
0x7283b0a2e5e04dfb02ea9ab971929abfee8a13a0,1
0x022e8e0d5921c6514c348078d04fd9250e44cf4a,1
0x542dc19a4ec48c2ae14dc4207a561f09de8a0fa4,1
0x94b95d45b3f82120f5465e83a70016c26438b3fd,1
0xa44812f25983fc805a61639922998594af5af516,1
0xb8d34dcebbe83876116dbfd9a6be57113d706537,1
0x3a5302dcc9cd83894be3ecd55ae9d47743da6113,1
0x1ee584f2579d11601e88af359f91f3ba377e0bcb,1
0x031b978d0fa554cde3ebea92bcecb712f5d0e328,1
0xaa0a378d2cd19bbe42c1ebbff4652a99a13aa9d6,1
0xe9c8bbe127cadebc05c73a1e59fb6b81b35acab3,1
0x800b0df12a4fd1d44c464379abe08fce42ad2769,1
0x4ac285c8b7a1ba0eed6ac25f651dad0f6b0b7c75,1
0xe0069a1d78af2cecac2e50c83c05193d35c2526d,1
0xc6e79dd18fa18c342e08807c9361d8ef23401240,1
0xc5965a72d1c5c253ecf9d33ead92b0dd876b27fc,1
0xd72ba383f95bc458bedbfa5e24b9da7911bcc1df,1
0xa6182e5a6b22033f76a214ec296801f753187837,1
0xd421a1bc893fe963b1c69ff24fc37befc0a32f0c,1
0x19171ba32a5bc62e6bfd5b111d6e9adc85a5c9a5,1
0x454b1d1454573d2393f040d7a3f1197578e627ce,1
0x571d638b3928d98b8f0c2c8f24bc89de7c7e92c9,1
0xa23214bb41b19a1d4764569d9f8a8ee2042b77e4,1
0x6139533d0c0d47edf3374d000e488f21dadb312c,1
0x5f26d1f275239bb353f6f0320596a59c91465484,1
0x88db21bb0fd4063d95c161840a537656df5116d1,1
0x27cf864059c46ce431be96ab1b5bf170835078ce,1
0xcaead212cec508dcfac5ecc74e2ee394fa21cda0,1
0x8d91e666c69f24915d4428cd4c45967828398c9f,1
0x09b27b2ab92c24907cef89b60dbfdc3e292a6933,1
0xd3062e8ae4b22560b15a943492c8ea505301b6ee,1
0x6f28ac9ea0842262a20a95300c12a32efe51f471,1
0x85c158b27d43ddeea9b2d93487bd35a69191e55a,1
0x736e55a2277fbbf4e5787889a7561292ef1c9ffc,1
0xd5eabc1973b7d580d37ae256398eef0977d05fa5,1
0x7c855bcc6a28a04b3fc6232bbd8241c3393e725a,1
0xbf35954906f39e3b2d7525931a437f12e3ffc4f0,1
0x19e652755ecdcec85507a217c59150ea295d20a0,1
0x812b85417b95f3f624be107ab5d834d269f6ab6b,1
0x32c4d0e5982550994b3776674390361230a0b6ae,1
0xbbd1b8b845b6397722b5826f573c3527b9fcdf6c,1
0xd214f5ab0b2ce82eb254a311ebdfb15d2af6a93a,1
0xdd20ae954ed1a6f0ecbfc1e1deb29f172c7d3432,1
0x4199b900328ec550a304dc45b525ae89f183e4e7,1
0xc99df6b7a5130dce61ba98614a2457daa8d92d1c,1
0xba5cdce737981c8af64443fa6ffd8da894de5008,1
0x946f2aafebad8c23790da9f9932fbd6e7874c214,1
0x5e9df228cb14e782be566746f0fb000c87261886,1
0xe14a84782b764c699bee5f42d0a6297545a4476e,1
0xef1e1d7c6a84a49ad04864de82d7afceb07a414a,1
0xaad4284603c0187f6d9b73368d1517e0c3371837,1
0x8f8ef08e1fb6a979e310c1fb51e41d926f42124f,1
0x8266136baa3bc9de03fb6c342af77ace522a7dd8,1
0x5d3c03d698bdb6963a7df6168787de90765ba6c1,1
0x82e8e5f2d8f17ba5eb07ad93e7afc8af52fbb2a3,1
0xff30b38ab19365a763ce9f9856d8fccf8fbb3d08,1
0xc17e6d13b0e7199c71cd2d48d0c4743363acae13,1
0xc06aed8eb0f77e5b47ef835b290e72e2952eb119,1
0x87898bad0ac05360644f5f828776b1e0113bc84c,1
0x127e06e02e1bd77c9a9f53276df576597e81f5b8,1
0xd12e2de78414c7be57594798015bf54551263455,1
0x8741866c71a9a284cf982e27c8e0a11112508336,1
0x3f655f35f3447ca75ff5cdd32990a9ca5bfa04ac,1
0x0bc71be2dcc6803de1d77165cf0ac9b4d3c9503a,1
0xf16ebe192cd74de77905d0d773b9cfc91423d64c,1
0x7cdd717a3336f4f661d8b04f5d636e06f95fc1c0,1
0x664f5757b2cc382297d9992fbc1625c3da920519,1
0xc298b6a408a40466fda12a59c22ee2a9a4b7350c,1
0xcf117cb3fd4938b0c90199bcc2e0d50fda4f8ee5,1
0x6d76e72e927c359863f5db1b9c40a58d63ad9469,1
0x471795f15873c216391ca2996f25a399f17b58bf,1
0x1ee1647b0df0e93ff5f82a4f302714e2930ed1d2,0.4323779297
0x187baad1e6d606458ac45acfaa490d66e3cdec86,0.01
0xbd2453c2905ef2dd094a045fb29624859b8e9a79,0.00591375
0x642a50b09529174f6fe8ee07bd26a61ea6f0d284,0.0000000145
