id,allocation
2120202844,1064
33875491,4000
5316317648,14
896190962,14
1576431244,14
5496984073,14
6419208021,826
7047136733,968
599654017,944
6049201924,810
6934828393,772
7298545204,14
5566291429,14
665067519,14
6689964821,898
562296867,970
5219055613,928
1046532444,886
11347057,1008
6396374125,966
6659239522,940
5099140511,932
7389279633,682
1065862451,508
2091254681,984
1548497050,722
1520302988,702
5327012658,796
5822003129,648
5871355241,956
7008974666,730
5337175702,598
1499313046,770
6658684741,438
6414818732,978
7569667207,870
1224096437,14
5898628044,14
6970014691,14
7940639847,14
849434738,14
895852454,14
1015235483,14
1424096598,14
1661503809,14
972641233,14
5942047931,768
5021892630,14
7940410728,14
1171419699,14
6870336453,14
7652128863,14
2022506104,14
1469862348,14
7164017734,830
1195695740,14
5516345059,14
5110627104,14
6730387157,14
1813033041,14
1613173682,14
1151856894,14
5975768745,14
1914466326,14
1098602889,14
7103459992,14
1310080525,14
6972456687,14
6801490225,14
5018763848,14
6798285724,14
1470789979,14
6024289209,14
5892576672,14
1324491702,14
1033007538,14
7205904856,394
744955249,14
766087096,14
7343410417,14
1741782108,14
7167597734,14
6935282353,14
1716475307,14
8191922669,14
5946899774,14
1104607596,14
5812052945,14
899139678,14
2144571472,14
7037965647,14
6134796737,14
1949008250,14
2068192065,1224
5319985165,14
967211229,14
7990040966,14
1373674541,718
7060826632,496
7692920334,14
6406204951,14
1310398871,14
6151094126,14
7505609162,14
2145812652,14
5938590199,14
7037760347,670
5315502586,298
6276151089,134
6424660656,14
6893035388,14
6011349181,14
8146199878,14
1277886483,14
8008152713,14
1315492286,14
1249703117,14
7221713638,14
1916312768,14
1745275195,14
1261475974,14
811221151,14
1812714796,14
5373206972,14
1016371307,14
5117355902,14
5154670229,338
6643925387,56
287224941,14
6764727707,14
1951367774,14
1467227875,700
5387819146,14
5687987902,14
7249783181,14
7714833098,14
5579496886,14
7249007175,14
1886803829,14
7272765614,14
6498802590,14
6120222462,14
5935121240,14
1358123759,14
6535070340,14
6318761178,14
7040526460,14
5347536063,14
7625066575,14
1156257424,14
5767998021,14
5793127520,14
865268309,14
6018588978,14
7082223600,14
7466946670,14
7748762285,14
6021752032,14
13765474,14
6871956967,14
8014272653,14
7408214763,14
99397201,14
7818589010,14
6584112620,14
6242301204,14
7059975224,14
7478166430,14
1606041825,14
1943385068,590
7089750566,180
5335164504,14
7537976031,14
6878592155,14
7293538156,14
6283116027,14
976827594,14
604037312,14
5293462404,14
7682154945,14
5441566937,14
6265159439,14
8073190868,14
985852493,88
912910498,14
7370770290,14
803655283,14
1712074735,14
1763471407,14
5291583145,14
1201033730,14
1460853445,14
6774692805,14
6391232821,14
7575693459,14
6098750439,14
8157179952,14
7139795017,14
1403536971,14
1001838281,14
5310528570,14
1933705156,14
5034704962,14
7051450443,14
7656012786,14
5927098165,14
6958931555,14
5880046767,14
1237536560,14
1531215070,14
5353106689,14
5136071889,14
1124833065,14
8042958043,14
6448215914,14
1631204753,14
5108049177,14
7819243426,14
1494029807,328
2106098463,14
5461742447,14
5501328504,14
7844664571,14
7204329085,14
7154436135,14
7105703595,14
1770405933,14
6536715169,14
7309445829,14
7550870168,14
6753983761,14
6135040802,14
5117541314,14
5481897180,626
5492692495,14
1203816159,14
1427200595,14
5068790723,14
7193728182,14
7299953707,14
395221058,14
6491959280,14
7231989485,14
5241778079,962
8164288483,14
6498304593,14
1957950668,14
6754648762,14
7162039750,14
1501546028,14
5430170558,14
1382595297,14
6831076072,14
1896887510,14
6792129816,14
2098158877,14
6614901663,14
6409887191,14
5532299516,14
5830501608,14
7685569323,14
7814322922,14
686685508,14
1282485890,942
5819492961,240
6651353969,14
6334536061,14
7111876505,14
6211116789,276
7177464049,14
5307792705,14
1688008763,14
6384146132,14
6541651591,14
1596782532,14
1298176942,14
1096644743,14
2003726546,14
6905038599,14
1139094729,14
7603367038,14
6951554780,14
647670383,14
1038241611,468
112238816,224
1564672228,14
1832963853,14
7445611644,14
1110108652,14
1658990479,14
6727728635,14
6034016337,14
1189649265,14
767667885,14
6978873079,968
117184557,1568
6345768974,1066
1151690108,17729
554524616,1060
6751992116,1006
1413551535,1054
460220340,17719
5657105873,1050
1110106103,998
7157532929,992
5487894578,1038
1006714211,986
1581313588,1032
5236186747,1030
6963838406,1026
7019657276,974
2141242546,972
913191189,1014
6070686111,17675
2109255938,954
280417852,952
6711848490,996
7288617226,938
1634795742,17653
7154704309,980
6852616109,926
5612635839,924
756993391,922
6448652425,970
5607531566,964
8070035897,912
6249230032,910
1032690695,908
7456161780,14
7165209452,996
1749449726,956
1539294816,902
1743148692,900
1134358473,940
7005229528,938
7097422109,882
1957809654,926
5384992042,874
5807609497,868
1446336685,866
6721636532,914
7542249029,17579
7259314866,858
8156213656,850
1680067337,898
5864682017,834
1036436635,882
1036765235,822
7494066199,820
6849439532,816
7053079129,814
7943697042,812
7076524894,856
6188650853,804
7884527902,802
725095800,850
1629185570,848
7652953727,794
7387667532,788
1065420086,784
6110512933,782
7823380691,780
5906210257,828
5518561713,766
1634492867,762
7543500158,760
7010402296,756
631132877,754
1218057810,752
6169917995,746
725503886,744
7796089125,17407
6791640393,738
6262386858,17401
7757406048,724
1072948589,714
6471451723,758
233413682,698
1448049163,694
7686505044,742
1639603545,690
7626472166,688
385204434,684
1655895072,680
7041215399,678
1910827382,726
914867136,672
1407670079,718
6592276845,666
6357013602,664
8040113051,662
7430747864,658
1254739194,656
961633983,654
1527059556,652
7927116509,650
5043436952,644
1396467614,642
6428816994,690
501811360,638
1438362247,632
1780850437,680
5961629356,628
1222804185,624
8001378408,672
6712166622,670
2071406578,668
5445742050,614
5839621356,608
6121489499,606
7363530615,604
1508768428,600
7626012927,594
5801210373,588
976726442,584
6160671410,578
765073825,574
6854987677,572
7728624018,570
6187732092,568
7480793825,566
5303168869,564
5331944341,562
7370013767,558
1552891353,606
2035387940,554
876084722,550
5946881353,544
1305605642,542
6926899190,540
6875708396,538
2054056682,536
1869394864,534
6332564128,532
7036826560,528
1977775332,526
2146574996,570
1873893486,518
7565600393,516
5372500714,514
6484288518,512
5764089734,506
6567757181,504
7073251200,502
6377652768,500
1553702576,498
2080997696,494
6115568321,490
1787230472,486
6685990169,860
6923806474,482
1227823635,478
1118050673,474
6201103861,472
7210651398,466
1718212362,464
6423986051,460
7406233446,458
6667874672,454
6204022690,450
1739011838,448
5423366441,442
8015298679,436
5599957138,484
6351539087,432
7344514078,480
579126669,428
5538152613,426
7044113600,420
6447295287,418
5562715469,416
5413837754,412
6457944967,410
1109441657,408
6739603703,400
5871238166,396
7642388331,392
6964941852,390
1957440708,388
761357613,384
2115359161,382
837210727,378
1824018979,376
1546745342,422
6221754672,368
6111624633,364
6385881604,412
1592264732,360
5641955716,356
5821688593,354
5445688339,352
6231400418,350
5562446004,342
1755154904,340
948122680,336
1392043416,334
5941179250,332
6663167003,330
1865419416,326
2104471142,324
6254598614,322
6765105974,320
5223335927,316
585032348,310
1401041643,308
1621839780,306
1185964368,302
6494038276,296
5821248289,294
1928569282,292
6730108376,290
5943700392,284
6558870990,282
1019242669,280
600878598,278
2020564261,274
5885408191,272
7578373094,270
5035464985,268
392328020,266
6005164755,264
940385980,262
1976675060,260
1104997291,256
6280161007,304
5467185614,252
1973980894,248
5050893758,246
7111107454,244
6578907214,242
920696887,238
5830178285,236
7469682634,234
2059756392,282
8167157030,230
6411681910,228
8142988705,226
7605894795,222
5477786458,220
1676358186,218
6126802328,216
11826158,214
5213638355,14
7628029222,262
976158345,210
6562693827,208
8154179738,206
7130136628,254
1880533442,198
5061408673,196
2142455914,190
1567955519,186
1839811405,178
7699409847,176
6613691942,224
2119311753,170
7401301266,166
5226224835,212
7702483861,160
1803349355,158
7097082174,152
720903162,146
6472692234,144
6280711480,192
1889265099,140
6895724495,138
5511430559,136
5068185250,132
1546728668,130
7055507021,126
6061067360,124
5638306667,122
7905908746,120
879586490,118
6511439797,116
5734112740,114
1359323320,112
5723013235,110
731822373,108
860964554,106
846646879,104
5650478723,102
1751177960,100
7058058450,98
6735117747,96
7065652776,92
5712659633,90
6296195182,86
1358188910,84
7089275144,82
2012629202,130
7437160563,78
709346294,76
6330722677,122
6361225171,70
303753426,68
1853907623,64
6954863846,194
6729864854,62
7807884119,54
7397534033,50
5538268338,48
5054118861,46
596357275,44
7176588353,42
1857305323,40
7065045467,38
1703361035,36
6025378446,28
6122102512,26
6280319391,22
7893320430,20
6397612569,14
6699919468,14
6653534649,14
1316958442,14
7589057595,14
204159823,14
8115844638,14
7698693240,14
5666699798,14
7590616464,14
911803500,14
7522494198,14
1657129698,14
5152111935,14
1920861699,14
7600156595,14
1205307640,64
6058288714,14
1806612838,14
6418913847,14
577721438,14
6103605430,14
966710066,14
6953052239,14
6649490803,14
615797779,14
5034862715,14
6665794360,14
7145585824,14
7381117738,14
1593788035,14
2087229109,14
6796107104,14
6864765222,14
5383716416,14
5526675552,14
7937289193,14
6377352615,14
6583906343,14
7152184776,14
7499917757,14
5685420462,14
6940834821,64
7632822696,14
1462841431,14
2062650472,14
5220815252,14
6152170288,182
6761354486,14
6647418214,14
7772083890,14
6704888014,14
1230687234,14
7539562761,14
7215920497,14
5808358365,14
6840645278,14
6878566263,14
1410508460,14
6989923456,14
5854676064,64
1647781633,14
5891118954,14
1079910697,14
5675207056,14
753903823,14
7145065713,14
8170964268,14
6673625755,14
6483398606,14
6510605039,14
1193945488,14
247865698,14
5347033145,14
5957157243,14
8185658496,14
6528066152,14
7974507716,14
1491331045,14
6340731671,14
7106716541,64
6155112739,14
7004438655,14
1011475131,14
7133096384,14
7190746011,14
5315537338,14
7511789168,14
1985816851,14
8087124608,14
1922831510,14
1000496012,14
1048600492,14
6254127087,14
6934822803,14
6251566891,14
1913459641,14
5201839872,14
6573074996,14
1193932649,14
6947701993,14
6511700095,14
6357967845,14
6095352669,14
6923653963,14
7462388323,14
1411357075,14
6975840768,14
6161544356,14
6766288412,14
5003411020,14
6990453736,14
5800564858,14
6166763396,14
7594480562,14
6748260806,14
6611523933,14
5933729098,14
7129676555,14
6579010811,14
1265008306,14
870710108,14
1010162722,14
1762665577,14
7247812675,14
7862977414,14
1914313301,14
7322865725,14
1691094834,14
7133968329,14
160493591,14
7148687631,14
1784705964,14
6886994154,14
6854894509,14
5205501291,14
7011134864,14
1276816842,14
1586054687,14
6898361102,14
6066632093,14
5702329031,14
6580001963,14
6710170934,64
7145022216,14
7562540604,14
6694589150,14
6095338444,14
1428176771,14
7405188256,14
2131927866,14
63882970,14
1307964667,64
7506400833,14
6821758857,14
5149470392,14
7298707087,14
1246655283,14
5395641251,14
6448438801,14
1461176242,14
6908643793,14
851862666,14
7410999929,14
5688257991,14
5635419699,14
6767437053,14
5656241726,14
1179440262,14
5108416320,14
6361549506,14
1174426815,14
6426279326,14
7109239691,14
6306124822,14
6364821011,14
8055344735,14
6123864902,14
2023059790,14
5740151306,14
7774822444,14
802378279,14
835045771,14
5874072667,14
1569896586,14
2042652677,14
749140731,14
1822320690,14
566335439,14
6022443106,14
6999952813,14
6511287695,14
5069270787,14
1441952628,14
2112361882,14
7186282986,14
1412934626,14
7404895352,14
6527959174,14
5055575870,14
1957054511,14
5184204793,14
1929431298,14
7126158940,14
6773750455,14
5627837268,14
6921618429,14
8025357053,14
811361831,14
6604857654,64
6072154455,14
6095179164,14
2093295456,14
7147768983,14
885668297,14
6994604042,14
1421165295,14
6506939284,14
5602985407,14
1177915911,14
791844825,14
6485634112,14
2015523167,14
803324098,14
7885892974,14
5492727480,14
1898535037,14
1113190192,14
1011645310,64
7734687601,404
1776482646,14
5816125637,14
5986343959,14
6807539573,14
5102725096,14
6740662467,14
904689555,14
5749483976,14
7753624628,64
7610690669,14
7918009158,14
6749123921,14
1191463170,14
1394059755,14
5556292937,64
914656590,14
5173030170,14
7871328465,14
7126617343,14
7148937894,14
7638308778,14
5478120990,14
2110102036,14
5565419769,14
714272032,14
1491078341,14
1914221557,14
5976571153,14
7820875950,14
5448030071,14
1595683450,64
366173327,14
1770492927,14
2052461639,14
2041112868,14
6287342062,14
6981195412,14
5841691125,14
6690056752,14
884570943,14
5935174725,14
426416428,14
7405959962,14
7237369701,14
7000749308,14
8015198685,14
1734005602,14
7389896463,14
7890217768,14
5948911209,14
7074401272,880
7170087507,14
1705154545,14
506175747,14
2046902876,64
1247293131,14
5083301850,14
7216303374,14
5128560100,14
7057776093,14
1442405448,14
6222309681,14
1572574809,14
7360036239,14
727190340,14
6994287412,14
6429906096,14
7079189254,14
5843947256,14
723778934,14
1329367593,14
1880412567,14
7156045684,14
2109585919,14
7185857574,14
5777264335,14
7234131088,14
1330642189,14
1039619263,14
6192916741,14
5404922656,14
1439312924,14
1695587961,14
962116839,14
1621762827,14
5059784947,14
7022470150,14
5225580898,14
5587201646,14
1678158002,14
6091614739,14
7153622923,14
5680801617,14
7250379123,14
2136447833,14
1788215112,14
1157463008,14
1041173288,14
6122344981,14
6916098259,14
7017907471,14
7388328445,14
5761971156,14
6175262766,14
1627302593,14
736114390,14
1348852497,14
498034222,14
6904983582,14
7231661215,14
5398539107,14
5596420766,14
869821901,14
6024515182,14
6774511912,14
6937411315,14
5334145444,14
864465743,14
5151874098,14
6669223266,14
1028645604,14
5474526737,14
7189037147,14
1379648360,14
1917354254,14
7871132183,14
2138680458,14
5993478060,14
7225904088,14
1053484739,14
7730440195,14
8139082089,14
1267783259,14
5797491255,14
1588201075,14
5562265052,14
5370931964,14
1005922056,14
1528478325,14
6383476309,14
1180530612,14
6808600281,14
7005396158,14
1295635033,14
754376406,14
884499005,64
1548388784,14
5451463093,14
7698847242,14
6243723686,14
1584815310,14
7841263060,14
277039103,14
7184380652,14
1266545553,14
7121598258,14
932890237,14
1352752606,14
5503695183,14
5955914566,14
1266761617,14
1211865242,14
2109074182,14
6046137639,14
6805816319,14
1474442240,14
6400460106,14
1715796200,14
1051210199,14
5003783226,14
1619424983,14
1682777404,14
285522039,14
6780581512,14
6855968196,14
1754802676,14
5697537006,14
7490261086,14
5293542205,14
1657981683,14
5017209931,14
7261934704,14
7078708356,14
6182551321,14
5505236112,14
6207184622,14
6031964263,14
5873280303,14
6633317362,14
1838826789,14
5093229230,14
6068179614,14
791620588,14
1186568082,14
7025402594,14
1790001142,14
5774598619,14
6958555226,14
5580759364,14
7595137412,14
5473279053,14
7712811248,14
7271390316,14
1120849984,14
6998127197,14
169492110,736
7768833273,560
2095778202,14
1393688402,14
6520145328,14
7275690941,14
6914621036,14
6186634804,14
5494855413,14
7934275658,14
1399553738,14
853911056,14
5089551059,64
7060215561,14
6972232996,14
5680090737,14
6986452186,14
5498725500,14
6374648503,14
6523694703,14
1044831932,14
2061585237,14
6595850318,14
6568397092,14
6422628337,14
5483299542,14
946419751,14
6788231531,14
6086364768,14
1446583915,14
1002552119,14
809771626,14
6785721170,14
7855131099,14
1228120805,14
5920992134,14
1823353102,14
7144492042,14
1751523476,14
6256727110,14
7038532001,14
141101746,14
613063721,14
344940939,14
7907158002,14
5045381659,14
7714120610,14
6542092118,14
7240863007,14
6998600382,14
7281878312,14
7451708074,14
6100287204,14
5428012783,14
6824463170,14
5697352887,14
6440617841,14
6467649818,598
5500294091,14
6268196325,14
726586847,14
5733416435,14
2055316924,14
7178694490,14
5424288021,14
7283079380,64
6304151679,14
991949124,14
7741079176,14
7330367207,14
1329959384,14
5383203200,14
7940430344,14
6188390972,14
5736330662,14
6392817737,14
8129447408,14
6222975100,14
7802597601,14
7280159834,14
7150232912,14
5585447906,14
6443519597,64
7961610359,14
1660819512,14
1100707309,14
5320276897,14
5234900547,14
6218298721,14
735145831,14
519051160,14
5595834873,14
2034353257,14
1436283453,14
5813818882,14
7109751641,14
1320129105,14
6826465590,14
6987688315,14
511806890,14
6705221216,14
7338479783,14
1377649248,14
7516033348,14
1801332779,14
5303809800,14
7109355599,14
7316393247,14
5036054560,14
6381942299,14
1329289842,14
5116397319,14
5183169973,14
7247115139,14
6904413410,14
6170014361,14
327746184,14
1057215758,14
1757555131,14
7448977439,14
2022007863,14
2104744285,14
5811274238,14
7596544114,14
6285317675,14
273984703,14
1221065464,14
1237495882,14
1756239427,14
5968177402,14
6651567277,14
6532006903,14
6122467105,14
5856586634,14
6512552821,14
7261105065,14
7370046941,14
5284485203,14
7804818041,14
7149955720,14
6663576382,14
7690198540,14
6281048459,14
2089370887,14
1810762426,14
6465979472,14
6276683274,14
7565971043,14
5027201553,14
1609885203,14
6481526791,14
7022674049,14
5765370135,14
5898070497,14
7412681435,14
5476538501,14
1554072084,14
5689031634,14
5650755360,14
5930373686,14
13666451,14
1262170606,14
7030593394,14
1212704787,14
956105122,14
1164391247,14
6972412801,14
6094778095,14
5376834169,14
6854627927,14
6849777808,14
993625193,14
6777322199,14
1986654222,14
6083886872,14
1139981942,14
994015557,14
8017168558,14
2076901627,14
5881056080,64
7749069476,14
1521218935,64174
7094053426,14
6520666553,14
5920863500,14
6428080909,14
6081360899,14
7541778573,14
7282865650,14
1105665565,14
6308554792,14
1237235342,14
7693458539,14
1336293223,14
6559374466,14
6251396929,14
6492083566,14
5891116985,14
1321625773,14
6192984231,14
6787481719,14
6112896916,14
1821298230,14
752734980,14
6125995763,14
5287847827,14
5846731260,14
5180417342,14
927298589,14
1780558875,14
2044704421,14
1420451387,14
6351318246,14
292261626,14
7381926263,14
2125850073,14
6475454701,14
5916587431,14
7572212332,14
6841826955,14
208484075,14
5916004575,14
1562876880,14
7260073417,14
7458292938,14
798784721,14
7378279465,14
5213944347,14
884908989,14
7090391779,14
2113415527,14
6853232561,14
951534597,14
6534308266,14
2007930733,14
858151331,14
6260625605,14
2016261712,14
1811326060,14
6546613040,14
5691828704,14
7995694693,14
6551954676,14
6491037229,14
1692993421,14
1567727524,14
7083997641,14
1501513920,14
6662500602,14
6917401849,64
127017994,14
6308810148,14
5018444781,14
6990722245,14
345436435,14
7371141105,14
6488254819,14
1838507733,14
7278106123,14
6762110852,14
6539265977,14
5027604117,14
7318642849,14
1077368340,14
1895479227,14
1182926496,14
6851899087,14
6930853224,14
933538433,14
6794032748,14
5906511311,14
6548203400,14
5718855965,14
1099349224,14
7545519836,14
1571968182,14
7008166365,14
5110224058,14
7425380191,14
6519190765,14
6794192905,14
2103189687,14
850598486,14
1633717048,14
6240274850,14
1695864055,14
6571220621,14
6935791755,14
5954357727,14
6772691055,14
5342731651,14
7524294937,14
1173038331,14
6789622016,14
7364892627,14
6742573795,14
7220455820,14
7926884586,14
6094766295,14
402283233,14
7235220487,14
7097787097,14
793666801,14
7430821551,14
6151267683,14
7436872078,14
7467589671,14
695501736,14
6542278303,14
7254748375,14
6206880074,14
7946405972,14
7143059765,14
6381132985,14
6448694916,14
2141603454,14
6567650938,14
1777935740,14
5927604601,14
7888509943,14
5699230477,14
5049588531,14
7375374935,14
926617837,14
6338583891,14
5220862472,14
1793433832,14
1268258731,14
7310417240,14
6299164172,14
5374044386,14
6111615801,14
5856566916,14
6663919977,14
852619621,14
1963309867,14
6612629592,14
1064623717,14
462218163,14
6342028994,14
6995728034,14
821304732,14
6201354510,14
6007463298,14
841452953,14
5439765436,14
7002599124,14
6633398100,14
5917062783,14
1234626903,14
6254275514,14
1174257441,14
1098626052,164
7933869328,14
1267292299,14
6528754027,14
7485457627,14
2002882753,14
5126946521,14
1474690853,14
5729027806,14
7383050489,14
6852243149,14
583406629,14
5950359969,14
5354002181,14
7334379409,14
434288635,14
6784462084,14
6754547275,14
6973404183,14
5499763256,14
889542086,14
5756553424,14
611883681,64
6871998481,14
5367801983,14
8109382946,14
7674901663,14
5848989142,14
1740592739,14
1715025284,14
6722820981,14
7323957146,14
482317986,380
1320523081,14
6169083107,14
1589618077,14
6176645038,14
6193286144,14
7321010984,14
6058259092,14
5420686751,14
6350316680,14
6817949049,14
5127555778,14
7604337673,14
1184528770,14
5302529920,14
7612818137,14
5212977645,14
575387748,14
7677936576,14
5025110089,14
5840981678,14
7475985845,14
6855091373,14
5651676504,14
767320052,14
2073302519,14
7413172646,14
7144239938,14
2096392900,14
6156169355,14
8113001320,14
5651145172,484
2086582591,14
6923479608,14
666316157,14
7299435741,14
1207521415,14
5223061050,14
1719688920,14
5812777752,14
6012157324,14
7677691697,14
5497179432,14
6526535432,14
5819270117,14
7883641150,14
7258163938,14
1332560258,14
5554316963,14
7529154711,14
6454691243,14
1636674341,14
1048227645,14
6647300930,14
6530947735,14
6515110378,14
6224536499,14
1319320598,14
554251081,14
6080073696,14
994615058,14
1284994099,14
6144467329,14
1237095714,14
6546261090,14
8088352217,14
1589243680,14
6563845589,14
7096969834,14
7096021216,14
5442046354,896
5902736080,14
691023067,14
5304631080,14
5782020552,14
5748762489,14
1979023037,14
5482301568,14
7815399411,14
1638724018,14
5880397967,14
6717502558,14
6224315212,14
7201537029,14
6317840499,14
1112495549,14
7887472604,14
322473272,14
6692417528,14
5594102205,14
6298820472,14
1064908112,14
7203684191,14
5411088632,14
1243784645,14
5310991443,14
1289900169,14
6403593636,14
738387179,14
6574088927,14
122057808,14
1410111413,14
7182206466,14
7304972488,14
5043130327,14
6233549823,14
5962817550,14
6912095898,14
7191569906,14
1389539275,14
5837125884,14
7319209245,14
7181192774,14
6777364954,14
6974056294,14
6717677033,14
5979424767,14
815066440,14
6281037918,14
6653725459,14
7285472502,14
7011947409,14
392373393,14
1453614473,14
8016241439,14
6632259273,14
6953167142,14
6404659932,14
1028195550,14
7147615040,14
6013987550,14
8196196722,14
6751031475,14
5674175167,14
5254988795,14
7343119011,14
7193762880,14
5345619043,14
5656876263,14
6789418727,14
994810350,14
5748303806,14
6611208824,14
1672399641,14
1828690728,14
5593753758,14
1425221138,14
1510151091,14
6135806392,14
7082600840,14
1313661049,14
1657812382,14
6506556814,14
1467042324,14
6943387076,14
450140125,14
6357346380,14
6123105198,14
5093940461,14
5506755145,14
7057454222,14
7563003619,14
579797412,14
6257692664,14
7892706813,14
7098134092,14
1641441444,14
6754282491,14
547611100,14
1677238490,14
929905316,14
6280524237,14
928121651,14
7659578114,14
859052768,14
7107912466,14
5272471853,14
6108356231,14
6755414681,14
1211402182,14
6089806602,14
6745423979,14
6463420533,14
7489416314,14
2070580739,14
7979972620,14
1395495195,14
7077447990,14
1340587985,14
1006911555,14
6350378483,14
7153492816,14
2073101755,14
5860235678,14
6425418131,14
7230045398,14
7042582194,14
6513485676,14
1451820179,14
5504036230,14
7619759716,14
7356212138,14
5027965825,14
7050500377,14
6018179589,14
7955167798,14
6917944765,14
7481380480,14
6785441900,14
5256902908,14
6873880535,14
5979786825,14
7007392827,14
1190005507,14
7261071864,14
1785860797,14
5915870886,14
6047225240,14
7616658651,14
7304802368,14
1973241746,14
8025099723,14
1120730296,14
7464944871,14
7025447218,14
5279075634,14
7848235281,14
6353137624,14
7351481999,14
7407739495,14
6850068872,14
6854534560,14
5888996680,14
5303732522,14
1890387027,14
5622110747,14
7257439535,14
6264606107,14
1046277601,14
8041782045,14
7951086944,14
1453595643,14
1206724344,14
7492574735,14
275997552,14
7501545235,14
7092002213,64
5266233568,14
7964883607,14
1061634689,14
5822113887,14
5505812425,14
5628519879,14
6703129209,14
2003484614,14
7202732233,14
7055649009,14
7983328612,14
7710333027,14
5920336458,14
1353615850,14
1627329421,14
6583550056,14
5140857217,14
588826786,14
5316605476,14
6679801534,14
1061551514,14
1862615264,14
5446757523,14
7272228549,14
6526504510,14
6670876072,14
1153623163,14
7225504038,14
7159921221,14
1211300422,14
5023510166,14
6742794402,14
1803953066,14
7736921809,14
354546193,14
6772117912,14
1811006718,14
6144587253,344
1637939611,14
7249508909,14
7330288343,14
7333828336,14
5547145232,14
1329961642,14
7197675729,14
6121374679,14
5450307105,14
8000584017,14
731668290,14
5275199134,14
455579068,916
5621149386,634
7241329031,14
7252966141,14
6996657756,14
6929623785,14
6340328107,14
5262392672,14
7158128142,14
7229661176,14
6931264443,14
1105839761,14
7569969982,14
484353260,14
1621697367,14
6718577532,14
6039361995,14
6415268027,14
2146437627,14
746825122,14
6526972786,838
7424758900,14
7061495708,14
6383446996,14
5785674860,14
1591375608,14
7497540252,14
8177060457,14
1381676548,14
7482072249,14
7022599700,14
1510059621,14
5095820160,14
5112439904,14
612707841,14
716500696,14
1668983767,14
5665686410,14
6677916973,14
6157937480,14
5147911772,14
6019342549,14
7987822630,14
5889832500,14
7031942793,14
2084450821,14
7125412207,14
2060205411,14
1077771979,14
6802836856,14
6140236410,14
5958221389,14
7178760980,14
6257131760,14
7058110222,14
1092638204,14
129676203,14
1851611896,14
1206748554,14
163882450,14
6091828682,14
6061867077,14
1699797156,14
6422538012,14
574582448,14
6716578969,14
6853131263,14
1800515630,14
6029713424,14
1152600309,14
7246956123,14
1670452076,14
6669985073,14
7712830314,14
1313177416,14
6636259638,14
6926032568,14
538785738,14
5122435933,14
6122912286,14
6173749715,14
7003429632,14
6295511476,14
5427310062,14
1566999013,14
7227246803,14
5568844522,14
8082870181,960
674478937,14
1988775567,14
873662477,14
7856729653,14
591253444,14
6826525349,14
820866017,14
6422207467,14
8026443412,14
89874020,14
1308183500,14
7861732913,14
6672731894,14
5469234819,14
6652173570,14
5576671302,14
6339453738,14
6307306825,14
6918440653,14
8157454971,14
6108646253,14
475077396,14
5924762720,14
7685405485,14
1235104286,14
6095342566,14
5831684232,14
1369686073,14
6199824802,14
6565939715,14
7435455674,14
6613114225,14
7948286374,14
7294654406,14
7990684641,14
6773716712,14
1373516586,14
5813993429,14
7959527313,14
7768641528,14
7115792420,14
6113317954,948
1068409346,446
7246259515,14
6033618757,14
7416892139,14
2020617492,14
446748534,14
1238479879,14
6560481054,14
5733931644,14
6241883740,14
6628641710,14
7480716026,856
7636331711,14
6901318113,14
1970533078,14
7814748494,14
1111153511,14
6337353768,14
7487567015,14
6401870235,758
1649195397,14
1202044741,14
472177608,14
5645852894,14
1292761256,14
2108940873,14
904791556,14
6684688286,14
2064565069,14
1974222144,14
5537019444,14
6477600888,14
608174684,14
7578430005,14
1573412440,14
1263670269,14
1076765900,14
6764636616,14
6177218243,14
1727404161,14
1650824533,14
2032679836,14
5264284784,14
6037661773,14
7071685090,14
7820853719,14
2072547594,14
6706037629,14
7446761905,14
1670413515,14
1473606097,14
2111154592,14
1134592423,14
1041369307,14
7410820691,14
2097443319,14
6939429397,14
6130916866,14
914778768,14
1605607300,14
1519839136,14
5651020127,14
6567512597,14
1627960310,14
7772606934,14
1989235109,14
6730190406,14
7285645273,14
7673047263,14
6885985186,14
985387364,14
5498584570,1494
7089157712,686
940544366,32
6253952670,14
1137588306,14
6826606107,14
458960126,14
7150269580,14
123606834,14
1284365254,14
6730365724,14
5575663745,14
1999166346,14
2130590681,14
1051399455,14
5383991180,14
1636628337,14
5008614763,14
1209914076,14
1276696977,14
7332094840,14
1600151063,14
1390377306,14
1236391562,14
7131088041,14
5664566750,14
5603854909,14
1403312675,14
5486604211,14
5884941626,14
1522029272,14
1893037156,14
873028092,14
7076652774,14
1781045772,14
6320387914,14
6804466544,14
7218362953,14
5421555470,14
5615232993,14
7295702560,14
1011134970,14
6699733816,14
1246324839,14
6117081579,14
2089556920,14
6866187023,14
908244567,14
6275691271,14
1355350552,14
968960150,14
6114738141,14
6578832165,728
6266191441,14
7162906217,94
1766348311,14
724953418,14
287968030,14
5998989078,14
6920773507,14
7593877195,14
1252469004,14
5349479487,14
6553917258,14
6453345461,14
5514105941,14
2046681163,14
6940218508,14
7500203560,14
1329340804,14
882503874,14
7548408033,14
1124670492,14
726347656,14
7306061967,14
7299166751,14
5516212061,14
6751686816,14
688921593,14
6576659376,14
6761060443,14
7159270744,14
1647188541,14
1116971590,14
5063286702,14
5179833496,14
1477845471,14
6503009455,14
1663625318,14
6793375218,14
6222802062,14
1571959453,14
1396590836,14
6075039844,14
7018180141,14
8051176410,14
2073250465,14
6952157741,14
7145008815,14
7456250206,14
5227922573,14
6188463245,14
6266062867,14
6405845917,14
5052988970,14
7136738118,14
6007370516,14
5570677085,14
7570494851,14
837445669,14
6719486503,14
6798325627,14
7307080438,14
6979295654,14
2002407627,14
1940049798,14
6650300739,14
6499272981,14
1121632318,14
5401843294,14
6110340818,14
5813030384,14
5244431357,14
5500457617,14
7219157084,14
5927281724,14
6619290788,14
891928681,14
6807781904,14
1875314920,14
1116680989,14
6539364004,14
6796071820,14
6172883812,14
616352515,14
1765993085,14
7870706321,14
5925974618,14
494795364,14
6499185783,14
6471584472,14
5517331816,14
6121406352,14
6633291766,14
923123463,14
6536545300,14
7041601150,14
739382686,14
6445656875,14
825203832,14
7921005580,14
7886165526,14
2146682304,14
1804108332,14
8189099375,14
346829929,14
1585819117,14
7052653820,14
8084533380,14
6242889104,14
7202517151,14
1459105363,14
6106359768,14
1352819339,14
7989253520,14
6315564802,14
1489940190,14
1941203125,14
5325553699,14
5134326665,14
8161738321,14
1908034815,14
5952590131,14
656681198,14
7406389700,14
6193993309,14
1608163448,14
6493152983,14
7087448263,14
6876358544,14
1975309717,14
444367408,14
6556250750,14
474371802,14
6507120034,14
6576543726,14
6840748573,14
5993033258,14
6662945470,14
1891935184,14
6083297260,14
6620064552,14
6591839526,14
7434078744,14
443895361,14
6599933045,14
6814537971,14
5470393786,14
7077471998,14
1892092848,14
6190746739,14
1639607999,14
6709856782,14
2034145341,14
5305398464,14
5380179969,14
8105982454,14
7325016645,14
7090730542,14
5630202591,14
6168604106,14
7044247103,14
5853091196,14
6818830350,14
7620014458,14
7032490313,14
5105937805,14
1775291464,156
7409021787,14
6864786929,14
5440730374,14
5684698555,14
6791304739,14
5323005889,14
6356452405,14
8076343213,14
6471472378,14
5985764809,14
6518200216,14
1476274926,14
1418022296,14
5567119137,14
7067294160,14
6765854474,14
1716177167,14
908116578,14
6133325055,14
5706495154,14
688460353,14
1995359193,14
5167116301,14
5234954389,14
8120730278,14
6743497223,14
6285922283,14
7034168089,14
5138747528,14
1470617510,14
6764001252,14
1395427373,14
7565261217,64
785692957,14
7482225430,14
5740999012,14
6886999131,14
990259809,14
7249547440,14
6953859975,14
8126677385,14
6610827380,14
1162508519,14
7201288224,14
8105562432,14
5607968585,14
6303770181,14
1216609165,14
1073310214,14
1518706571,14
1978600304,14
905338837,14
721607003,14
5420722868,14
1232256575,14
5067418984,14
852173327,14
2080083311,14
5817157493,14
6826121032,14
1367585343,14
1094450979,14
2097531050,14
1064760271,14
5601529831,14
1660976442,14
6483233470,14
6831709349,14
5869477410,14
6153608866,14
7202404361,14
416904833,14
6822005104,14
853791274,14
319500446,14
1409075111,14
6044999691,14
985241175,14
5612223421,14
6009557255,14
1812031341,14
6719339064,14
5217573784,14
488594315,14
1615730187,14
5068024352,14
737691602,14
5375640085,14
6699434846,14
6123858722,14
7637767242,14
852860494,14
7097374302,14
7718432587,14
1692595058,14
7384354413,14
1935120768,14
7613121838,14
5565218939,14
5655346048,14
5920013352,14
8062899993,14
1099413341,14
1142719068,14
6270734114,14
5908295458,14
1960662334,14
5500945132,14
1252102760,14
7812986416,14
7331077387,14
5927131366,14
2071104082,14
679512827,828
5120832786,366
1105525939,14
1116286678,14
6632394408,14
2025960036,14
5905004799,14
1123908613,14
7090409749,14
2031267241,14
7531308490,14
7188833919,14
406630039,14
760518135,14
961405905,14
6523196760,14
1025916002,14
5279301592,14
7745078127,14
5741634299,14
816723809,14
6695091640,14
5301520260,14
804757539,14
1220255678,14
827440766,14
6948414145,14
7776168928,14
7269080414,14
5113960224,14
7241115609,14
7518884740,14
7362855794,14
858919270,14
5400449652,14
7885200142,14
6310053924,14
1475539260,14
6847745154,14
897331153,14
1148296340,14
7083058690,14
2018768507,14
5169143316,14
1891347591,14
5118788145,14
6391784931,14
6200808487,14
308315455,14
7050498102,14
5890675934,14
6134971863,14
5908694029,14
1417148671,14
5660916034,14
1743430262,14
7284236782,14
1174776871,14
7013066213,14
555233796,14
677400169,14
271436471,14
6882375386,496
5973033313,14
7989566343,14
5180769990,14
1650972001,14
6560378736,14
7246575460,14
7093908528,14
7062845040,14
5045944585,14
6443133807,14
6328348815,14
1226241987,14
1239022606,14
5209970405,14
1394162373,14
5779090771,14
6942763842,14
7619167007,14
7079881271,14
1520471054,14
5853282893,14
1322808960,14
7249282194,14
7162223035,14
1360437436,14
1558725736,14
788694213,14
1441236101,14
1053170893,14
1493914524,14
7037982888,14
1078480204,14
6995851666,14
7184740457,14
1064012831,14
7388201481,14
5342004029,14
6171351761,14
856736999,14
6310880535,14
1756878311,14
6278141242,14
6888142373,14
1922033788,14
1901996190,14
1585881351,14
5413544005,14
1746006251,14
6796291626,14
6294683561,14
1681917820,14
1010821880,14
6372654026,14
942687248,14
1534306696,14
5842831510,14
1264941021,14
1561336021,14
7448323322,14
7423136689,14
1813719709,14
7080127672,14
7129652644,14
5789560876,14
1501091389,14
7610880789,14
6575165787,14
7145676236,14
1431204005,14
1416491587,14
7080695084,14
1442499812,14
1204073939,14
952084793,14
1088256070,14
1144212791,14
6232335891,14
1053753223,14
6838169959,14
2110622214,14
277885224,14
7493507415,14
1467222586,14
6208854252,14
536184147,14
1673970513,14
1222393505,14
5067976482,14
1839320428,14
1553860874,14
7620728861,14
1413480307,14
6916640587,14
1555550021,14
1431704535,14
6239772029,14
2106793984,14
5228798405,14
7116401998,14
6883704144,14
6027251396,14
7992063676,14
7401556305,14
5928511449,14
5481892277,14
6483209553,14
2004335481,14
6368993352,14
7018612273,14
1221693170,14
6587288489,14
8044861292,14
6645813592,14
6833201812,14
5011232692,14
1369706996,14
1559027493,14
5004055598,14
7174610323,14
1597034201,172
7098761828,30
7041746210,14
1471634454,14
1489882306,14
7415299601,14
7497858513,14
983510678,14
7358898458,14
6804060341,14
6584399933,14
1775626206,14
5012431018,14
6978628257,14
1161711100,14
5380944486,14
5457574005,14
1751366708,14
5222266290,14
1575341154,14
6925444176,14
6915854805,14
536678959,14
1670239360,14
5415614658,14
5320406303,14
5098709054,14
1929066169,14
6447696146,14
5358675909,14
851244950,14
6435025820,14
349804219,14
6530259250,14
1467599080,14
8146019965,14
6457675205,14
6777979359,14
1030147051,14
803536163,14
6933992076,14
5319515390,14
6964325562,14
7549991975,14
897296380,14
5557690065,14
5039533803,14
1533124576,14
6673485224,14
919321049,14
1576574366,14
793267402,14
6064864736,14
6505756287,14
6234938438,14
1632510469,14
5358000783,14
6354253735,14
6775782520,14
6420980566,14
7037440680,14
5371814726,726
5253784756,14
6874382453,14
1535998855,14
7582629679,14
6654020682,14
1073372337,14
1027351681,14
2017936085,14
5683390832,14
748972343,14
5784829831,14
8084669346,14
1421016549,14
1969128712,14
5653383262,14
1885322702,14
6066151589,14
5212337274,14
7333328586,14
924734535,14
5844830768,14
8148350714,14
5200618386,14
821135080,14
1041833640,14
327975903,14
1716001846,14
5556047339,14
6196802366,14
6716939771,14
5751799498,14
6230433079,14
7204606960,14
7123786031,14
6086742645,14
7163565271,14
6661808609,14
5807086256,14
6333602115,14
1391298337,14
6381702947,14
7834707588,14
1369693098,14
6001157723,14
7167859338,14
7233451562,14
2118632873,14
5843132447,14
1365458793,14
5357669571,14
5899991830,14
6268520166,14
1856531716,14
6716296803,14
652584193,14
6822173290,14
7304845923,14
6060057144,14
5028013069,14
7682035918,14
5980500820,14
7341182662,14
5523277537,14
5866107008,14
6987239172,14
6881783115,14
7545899507,14
5773012708,14
5138633444,14
7342190263,14
7788579979,14
1564991153,14
138104926,14
6951817398,14
620871857,14
1045467670,14
7217875136,14
5512348507,14
6799217643,14
8131392558,14
7156553624,14
6781149987,14
304094911,14
1201258631,14
1179106389,14
5169993882,14
6100818516,14
802462400,14
264932006,14
5522406089,14
973036644,14
5982557570,14
6621929493,14
7341468809,14
7469712992,14
5955344072,14
6817043684,14
6842671189,14
5627238398,14
7169184053,14
6249787274,14
1020977931,14
6057412660,14
1146276981,14
7232281771,14
5621286771,14
1153778487,14
1087931464,14
1389548008,14
7917249220,14
7712677440,14
1023474819,14
7792722690,14
5035310026,14
5253363263,14
6765862045,14
464639111,14
1368973818,14
961460788,14
7120636722,14
5587553347,14
5966299906,14
7798272387,14
764026176,14
7168760618,14
835559693,14
7103355577,14
6559955493,14
5238882832,14
1676315257,14
921238836,14
1874034516,14
5963202799,14
5610076699,14
5540631606,14
1055119776,14
1256077524,14
5416016738,14
7468984072,14
6797380736,14
1303380281,14
5499523114,14
6582541016,14
5093125560,14
5165426970,14
1849487856,14
5617779398,14
5465213903,14
628976999,14
1269287957,14
5104892347,14
558363823,14
2127968525,14
1590499922,14
139295771,14
7948244341,14
962448347,14
2134670295,14
1765869966,14
1972180906,14
7177271191,14
1225875011,14
6586408839,14
6756787877,14
5861785491,14
1359963871,14
5845245880,14
804065909,14
8085046916,14
7908919547,14
1590491558,14
7130677707,14
6050260557,14
1605416697,14
5273689274,14
915101544,14
898297582,14
1456067099,14
1541777154,14
5039585614,14
5648067368,14
642786386,14
6521174504,14
730957109,14
2137802256,14
6278926254,14
5624351120,14
6843244107,14
5160543967,14
7115933146,14
6015559337,14
6956843919,14
5348971940,14
6911057891,14
441464956,14
1600594618,14
6695439706,14
1853351837,14
5523351415,14
1884862351,14
6297491678,14
479334091,14
7497787956,14
7056112503,14
6651704033,14
6825077583,14
7503204730,14
8068730192,14
1014333305,14
6226558868,14
849179795,14
6481300574,14
1108133628,14
6087794737,14
2057915741,14
5926713841,14
7271955534,14
902407930,14
1100317867,14
5033149363,14
6755556154,14
1927942994,14
6183279574,14
6548997754,14
7626645501,14
6916441977,14
7425596874,14
2101618529,14
6944210125,14
1463068150,14
5826996188,14
5900982561,14
7122344455,14
1712350928,14
1435993453,14
1158999865,14
1660856800,14
678029619,14
5704244143,14
7499710705,14
5794817614,14
7314419356,14
399982415,14
1029176662,14
7613686803,14
6710984522,14
6787448992,14
7544575629,14
6186476466,14
6905909805,14
5245693929,14
1160434706,14
1915559120,14
7315336255,14
640313129,14
781209846,14
6768504418,14
1278007899,14
6933627984,14
6634385958,14
5893750170,14
6969101682,14
6462675217,14
936241380,14
5833899098,14
6892657197,14
7451919199,14
911447177,14
6753489255,14
5759454751,14
5618591566,14
697197630,14
5857546908,14
1091677550,14
5423903297,14
6182557514,14
7703419627,14
5497151872,14
6931312940,14
5077332217,14
7670276499,14
630353930,14
5804391130,14
5127233846,14
6525792832,14
5027172495,14
5912708423,14
5422784364,14
7850569636,14
5783550080,14
6657924387,14
5756755493,14
1147244959,14
1780309295,14
5888363531,14
801283471,14
7050799781,14
7248154810,370
5097789538,14
5877209107,14
863181635,14
7145409329,14
5863075939,14
6080024952,14
5984806932,14
5994086620,14
528917416,14
618810263,14
1513931013,14
7064427008,14
6871530833,14
7047889861,14
6410503545,14
6457905195,14
6748532854,14
6212190289,14
7691381861,14
5769700531,14
1586138960,14
7430330308,14
1362255592,14
1159877399,14
6277747408,14
344645453,14
1677064458,14
7946045712,14
1759539539,14
5717314955,14
5705622886,14
6085428585,14
1959696852,14
6558655551,14
1434530961,14
6545091501,14
455589064,14
5168573511,14
2101373981,14
6761416106,14
802498667,14
766202797,14
6227517242,14
2010062511,14
6087711081,14
5935556272,14
6060047673,14
6640317762,14
7118097503,14
7718718542,14
7476821215,14
6650774093,14
941163435,14
7348113920,14
7300862408,14
8085519279,14
7916633157,14
1024651847,14
7645007737,14
5882888974,14
6973382905,14
1341865273,14
1707011385,14
5821060540,14
1216874274,14
6504786758,14
5074436952,14
5860731143,14
6962355361,14
7211197874,14
6108158856,14
7119838599,14
665265303,14
7332464714,14
6997229833,14
1009991256,14
5804530899,14
554224391,14
1637756286,14
1735907920,14
7507732283,14
6522015849,14
7131253560,14
6944459084,14
702462947,14
6713419180,14
5197829186,14
1994770049,14
6750622035,14
6233992501,14
7937818430,14
5599114346,14
6716851924,14
198733792,14
6799244250,14
6812627331,14
6913097647,14
8179537650,14
7450655245,14
1062558426,14
99594985,14
7962272273,14
6633963265,14
7092841134,14
7777691362,14
7816222445,14
7439526190,14
5142877468,14
7174967354,14
6336207406,14
6464756935,14
5120202459,14
750548891,14
7923734022,14
1002454082,14
1914342287,14
5619540359,14
7496684720,14
1187353543,14
6752352753,14
6296191836,14
7245998682,14
1329001793,14
1424963272,14
1428518517,14
6520228146,14
7070265617,14
6830934006,14
7265323545,14
6546564169,14
7413707896,14
1418649535,14
1047914816,14
1142343011,14
1762602586,14
1370921605,14
2087018654,14
7775497213,14
6584130380,14
5426809920,14
1996737030,14
7251371834,14
1099323797,14
5809755562,14
6727071827,14
556920093,14
811045772,14
6392974472,14
6855042319,14
7588539090,14
1044851443,14
6323023518,14
7163936564,14
1476338905,14
1649087707,14
1974700190,14
716304415,14
995144715,14
7225478664,14
5166041797,14
7281494199,14
6357656723,14
1092448570,14
6813816888,14
6268227648,14
6072258440,14
7040577308,14
372959838,14
5067730021,14
7551272210,14
929134465,14
6142914196,14
5448129319,14
1039992693,14
1262443014,14
7788907749,14
651967869,14
6934137372,14
6874044171,14
151110965,14
5757764879,14
5762144984,198
2038831422,14
721842103,14
7447183152,14
5715867510,14
6630433101,14
5878864744,14
913885575,14
5439273734,14
7637203912,14
5452919040,14
2115782442,14
1506042294,14
7231318871,14
549557831,14
6164820887,14
6568147234,14
6814785405,14
5002789225,14
7906622092,14
7201479786,14
6200788274,14
1050815100,14
7227609705,14
1997494584,14
5616261857,14
1226598125,14
998981469,14
5563863034,14
1058069769,14
2048988154,14
6297698313,14
7179213224,14
1592835504,14
5037097871,14
7292767663,14
7808267141,14
6756554943,14
2051824268,14
7790991583,14
960698263,14
6626485774,14
1150353120,14
5634387716,14
5643541549,14
1438482951,14
389112055,14
7507381192,14
7376657705,14
6784156133,14
6762977067,14
1278334475,14
6292862638,14
1351004767,14
1695529642,14
7141779168,14
2096034311,14
6846688653,14
6528250227,14
6658436739,14
961314036,14
5038767145,14
5661247060,994
6264639928,14
5402318286,14
679827757,14
7208072717,14
1708825895,14
5494920573,14
1196512405,14
5899051891,14
6531861472,14
6052949508,14
5446066885,14
5049362827,14
5745010556,14
2011033605,14
5955787553,14
6825492755,14
7083488175,14
5357868826,14
5835974913,14
5393603390,14
5165178984,14
7814191790,14
6118669560,14
881505466,14
7474783878,14
701278151,14
1086354076,14
5722224144,14
5652279261,14
1146872861,14
1309884619,14
936598008,14
1689233176,14
7551545371,14
7138984233,14
6504258389,14
5638920073,14
6974484124,14
6839568871,14
6369954519,14
7095572645,14
1643476083,14
7148381806,14
1298446754,14
1751374291,14
6574630193,14
1416498868,14
6649007257,14
6703641420,14
1425578662,14
2142857910,14
6548100348,14
7285732913,14
1999321626,14
1066935266,14
7316996603,14
7515336673,14
1027347785,14
1994729780,14
6744889322,14
2015348579,288
1679143874,14
1473794569,14
5266179100,14
6027599988,14
118906691,14
6657574546,14
7054115296,14
7162495708,14
1530673579,14
7226253343,14
100968718,14
7402772924,14
854968146,14
6173229700,14
1319763960,14
7152517191,14
721666342,14
7584550722,14
519411269,14
1355512099,14
1623921836,14
6762070846,14
7203178413,14
5675486318,14
5743751027,14
5940502695,14
5003078670,14
5670030010,14
5488536593,14
1128547573,14
7026991619,14
381591097,14
879868776,14
1024346207,14
5885562417,14
300279379,14
380670965,14
7994228702,14
6793545455,14
6432841610,14
6743273589,14
985356731,14
5784704173,14
1358213150,14
6383301406,14
7728970850,14
6145913337,14
1862228450,14
5051921112,14
132039719,14
1847265561,14
6795053713,14
1863975514,14
7393364389,14
2109004913,14
6173291858,14
7807139407,14
5449162713,14
7019658491,14
1534949433,918
793036429,14
5884965687,14
5036875975,64
5579774816,14
6324981280,14
5398871044,14
1068264822,14
7018555283,14
5724023010,14
1575984003,14
1279705926,14
7307873171,14
607743160,14
6464067101,14
5237346060,14
1602888529,14
7663425491,14
7136710317,14
934669299,14
1925094130,14
1954904608,14
7344547036,14
6473035685,14
5046618543,14
5485417815,14
2037763623,14
6631897353,14
2107542356,14
5978246228,14
5037215116,14
5429297268,14
1754807577,14
5338864142,14
6637073619,14
7660229348,14
5049460450,14
7656589224,14
6827753567,14
5420895761,14
7156342789,14
6446827806,14
1705260189,14
6251284219,14
8003014256,14
6186634411,14
7194295447,14
7053392028,14
5704040950,14
6347033534,14
5571162092,14
5929459103,14
486022962,14
934214347,14
5838789021,14
2015486941,14
1034497197,14
2143076585,14
1359501999,14
7575012009,14
7701984920,14
1880574143,444
6481992349,94
5899796772,14
5541813173,14
1468899574,14
8083681582,14
7641397973,14
6216072776,14
6574038669,14
7486384203,14
1545354896,14
1902204652,14
5504234426,14
7952056694,14
7713530947,14
1806278359,14
1656583289,14
7923700598,14
6461599158,14
794688942,14
844443783,14
1927607525,14
7490959687,14
8019864249,14
6128433946,14
6721385367,14
5161374478,14
1646704534,14
1253753626,14
6918705847,14
1875814977,14
6529563775,14
6649944838,14
1427616979,14
7222642877,14
6703243960,14
5486745750,14
1916516332,14
6183000798,14
5665676211,14
518354139,14
7295772989,14
6182455853,14
5235767010,14
1604664834,14
5512332593,14
6135120740,14
670716981,14
1195701733,14
905007285,14
6044328802,14
5245106747,14
2116434577,14
6317322564,14
1067975062,14
6433402895,14
6351536690,14
7852766400,14
6254590390,14
858474250,14
1730338110,14
1068723461,14
5557972166,14
6339732001,14
6556997969,732
5450463954,14
7734147206,14
5256543636,14
5918463629,14
7249072926,14
697429480,14
5046800326,14
5189115686,14
6761655085,14
111233948,14
6400795525,14
5817358738,14
6607681272,14
384927217,14
6830656489,14
1673166883,14
6775236020,14
7725957323,14
7199424211,14
6961259041,14
6100295933,14
1411125921,14
5927422134,14
6106619949,14
967087081,14
6568142246,14
8159255562,14
1942354740,14
5974103829,14
1549789558,14
1543233691,14
6283846732,14
6525596214,14
7461299181,14
7469621796,14
7457769619,14
5540561326,14
6597656261,14
7548744931,14
6842640578,14
5874754367,14
1603199279,14
7896153428,14
8007435691,14
548554494,14
838012980,14
7213559592,14
5631026208,14
1810344906,14
1008219068,14
5419802778,14
1811025115,14
6370124645,14
7723408672,14
6450478140,14
1013702929,14
7444782073,14
6270989862,14
821094972,66
7375677904,14
7124240330,14
1041964441,14
1371669333,14
1305212346,14
761260853,14
6373798516,14
973152934,14
5661267350,14
501173883,14
5566135022,14
5101530701,14
1428621605,14
1057357172,14
6525893836,14
7379155243,14
7780264807,14
7690516079,14
6164695836,14
1426348685,14
6593950067,14
623731342,14
7745749027,14
2023670689,14
7096349017,14
5013338538,14
5424275002,14
6633058850,14
440703663,14
8109597915,14
1790256867,14
1869385745,14
5429438917,14
369417587,14
5958347633,14
6761294721,14
1495580564,14
6101136987,14
6820464600,14
7097969512,14
1464085552,14
1139003338,14
5531523615,14
5728689714,14
5377021814,14
1720812829,14
5657869034,14
1771532160,14
1629758325,14
5957412306,14
6046520168,14
87818189,14
5862883676,14
1478371327,14
6546014737,14
7215349829,14
2089546367,14
6971819617,14
6072126847,14
7146021953,14
7748592912,300
542190102,24
6883493285,14
1531521988,14
6392097720,14
7099978790,14
1191786081,14
589860852,14
6268059910,14
1617182596,14
7433534110,14
1853216546,14
5723953876,14
870151319,14
5701915757,14
5741227141,14
7185573777,14
7200768180,14
5742332398,14
7496260211,14
7289295531,14
7482046477,14
465354518,14
1345513622,14
2071313483,14
7496035399,14
7139017908,14
1219416460,14
6637595492,14
1922079883,14
5062428801,14
433143681,14
6937623269,14
1236026146,14
1348997334,14
7019107551,14
6353603644,14
1063121647,14
1124433441,14
7414235665,14
8086074255,14
7340277982,14
7902568519,14
7135310149,14
6746653364,14
1712609389,14
6124153857,14
1769342312,14
7651297147,14
7634749621,14
1596738848,14
7387050275,14
1502260386,14
7144102978,14
7333200579,14
1282194131,14
7347685863,14
7763247123,14
1531901087,14
1556811983,14
7502355647,14
1671349808,14
6540021445,14
6972175030,14
7906873811,14
1754216849,14
7526694778,14
5952798859,14
934199115,14
6526499885,14
5168300116,14
6780464883,14
350775229,14
6209477409,14
6181348587,14
7364215706,14
6984117065,14
7572329362,14
5464411925,14
303689947,14
834480643,14
6296237968,14
8161571241,14
6126442934,14
7353970817,14
1636644252,14
732490899,14
2023575322,14
5028053409,14
7656698050,14
1176607252,14
7331461666,14
6305043390,14
7367788245,14
1147304116,14
5319904715,14
7735093288,14
1689556463,14
1926841449,14
449115035,14
524120700,14
6245283458,14
297530761,14
7458927891,14
7291378427,750
5419625104,14
6413772028,14
5990590262,14
7920100943,14
6322390748,14
1420506721,14
6499657989,14
6454460803,14
1695699964,14
1432067573,14
1568838458,14
1008058462,14
1895264657,14
6080946414,14
2058571210,14
5394543702,14
1499797175,14
1233652488,14
1604419707,14
7146254831,14
5578287352,14
7517106865,14
609914296,14
5278615540,14
726659935,14
6624575983,14
2089610295,14
6775703195,14
1181960998,14
8161610551,14
1155213021,14
5464283217,14
6659363277,14
6398703527,14
1854895826,14
6070894959,14
832003459,14
6221449900,14
5982624638,14
1134327729,14
1663134280,14
900743157,14
2131195186,14
6692295146,14
6746924611,14
6586706731,14
7364624681,14
101651287,14
6060611161,14
483134711,14
6180248689,14
7286765276,14
299976659,14
5486126289,14
210053862,14
5396401985,14
785353793,14
5669291566,14
6532150665,14
724526872,14
5766696705,14
5518394131,502
5628232368,14
6692296468,14
7972869179,14
6975883397,14
1017528596,14
6676565374,14
6301377326,14
384026241,14
6496960115,14
5359902628,14
6577231749,14
1777042604,14
5983517216,14
5733761513,14
684054216,14
6900152886,14
1870609403,14
1535892861,14
7152813514,14
1637787158,14
724890960,14
5393179270,14
7392112765,14
5844569994,14
1009136843,14
2138921987,14
6142570550,14
1718020721,14
794707575,14
5564814891,14
6762361320,14
1546896612,14
1457063161,14
5479649407,14
198325578,14
1322348768,14
385263145,14
7443422659,14
890513707,14
6187532517,14
666779609,14
514907160,14
5246830940,14
6375089580,14
96049527,14
6749459959,14
898600161,14
6190194212,14
6775875755,14
497759005,14
7098506477,14
993489792,14
1405962047,14
1432796274,14
8033579452,14
652585261,14
5914224908,14
5973067960,14
5647711746,14
587195937,14
5230978614,14
977800298,14
5233310119,14
2068294346,14
5584362594,14
5592321979,14
7743193658,14
1192398402,14
6864618351,14
6805351868,14
5955070822,14
1405612306,14
5414500851,14
1594553190,14
6651001982,14
7394127485,14
6542557039,14
7321022855,14
7403417937,14
1265974867,14
7728145524,14
1593484045,14
6939448434,14
2040015835,14
1358637769,14
7194719424,14
7622540335,14
6825596848,14
5289389972,14
6530007880,14
1985364549,14
5798118970,14
870873816,14
5146259770,14
5350925081,14
2037235038,14
1059822919,14
7838783160,14
6589546235,14
1740013585,14
6846190866,14
899545311,14
5973310658,14
5108001047,14
5131074457,14
5076356277,14
8182267714,14
7325737852,14
6499359260,14
1974644261,14
7318682492,14
5206938949,14
7188427980,14
1475703261,14
5536910067,14
1861872612,14
6594763649,14
5912527820,14
1131089439,14
7028228488,14
5116827052,14
7417655662,14
6122314625,14
7497066437,14
1494002630,14
2041069233,14
859715804,14
6783229844,14
6119158683,14
319010975,14
7449967665,14
5966202891,14
2123826640,14
1068738858,14
6250404874,14
6328542373,14
5631907896,14
1637371494,14
7315205625,14
5012502275,14
5307929300,14
5435109869,14
1714753766,14
6637054151,14
7523240375,14
6101833871,14
6463662605,14
7108688355,14
1251514637,14
464220120,14
160481757,14
5599092281,14
5837626782,14
1758786274,14
588278108,14
2097193019,14
6864830974,14
5620732315,14
5416828821,14
6778256626,14
2066086065,14
8147820371,14
5975888489,14
1703620707,14
7262296279,14
6340975764,14
7164221001,14
1440222463,14
726347654,14
7442202633,14
7975374393,14
5044683360,14
6698563837,14
8025242266,14
6110892798,14
5723904565,14
1840500888,14
6761125150,14
5979814352,14
6144010990,14
2118402406,14
7466603013,14
916648613,14
330343283,14
178669218,14
644076333,14
6689520137,14
6678429015,14
5789342024,14
5741110358,14
1712244705,14
2115130117,14
8198848954,14
543676991,14
8022321263,14
6740636359,14
1858326034,14
6553107945,14
189058006,14
7268578488,14
6471348034,14
6740405831,14
1463502931,14
1804283726,14
1842349185,14
5816982745,14
1349918955,14
2047014337,14
5912136667,14
437980057,14
6879349589,14
857788640,14
6950022349,14
7073360056,14
7263190635,14
5161039134,14
6030546568,14
8012476520,14
5204250325,14
840342818,14
7068785902,14
1260955264,14
7437383221,14
1317630161,14
1578547402,14
7163241744,14
362273512,14
7331979764,14
6306365534,14
6292031893,14
5429565228,14
6279642151,14
914179672,14
7548703892,14
6864437123,14
753870326,14
6145036293,14
388652377,14
6336162420,14
1041450814,14
7518945864,592
6795574810,14
993802409,14
968037667,14
1028135722,14
6806963338,14
6508301052,14
7178559827,14
5505408029,14
818298917,14
5611716675,14
5915673713,14
2056635200,14
7051816204,488
6673746850,14
5980549806,14
1891845689,14
5490386527,14
7284238068,14
847256212,846
5793676739,14
8023865778,14
7102299345,14
7253050837,14
1246022498,14
1170337799,14
5020950396,14
1093886953,14
5751868043,14
5397762875,14
1122768189,14
5606034780,14
7913772334,14
1354211408,14
6127427988,14
865785901,828
7158818127,64
7102751138,14
6154136544,14
6538833267,14
7385958747,14
6390356482,14
7423460771,14
8177373757,14
7277746208,14
7326460801,14
6859967786,14
7263562291,14
5523724787,14
6672097558,14
7910063605,14
1856575023,530
6694568446,14
6114346103,14
6465443208,14
7936588439,14
1659473471,14
5654291406,14
2062951149,14
6228673136,14
1057514755,14
7935712929,14
813023066,14
7430935040,14
5970090011,64
6336775242,14
6524207944,14
6569411674,14
5858525561,14
1695003149,950
497204296,14
5880060996,14
6714390050,14
6926996817,14
5999317475,14
5818426212,14
7186500687,934
6329890417,480
2075157612,14
6348808023,14
7248936087,14
7819862664,14
933772184,14
956738586,14
6408078967,14
756112654,14
7916950212,14
1453021303,14
5249311933,14
5178337694,14
888052341,14
7319303049,14
6535419047,14
1453755142,14
6362502094,14
1563900835,14
1413774578,14
1179185015,710
1859973023,14
7891049126,14
6630085378,14
669938731,14
7686298354,14
6961256075,14
7169013054,14
5406637083,14
5925148923,14
7582295066,14
7020368543,14
7089243195,14
6589725472,14
1773380386,646
1635688823,14
5755746414,14
1995922698,14
7351904688,14
2084864384,14
6562931286,14
7759598424,14
6869073129,14
7469083891,14
6686172728,14
5399090248,14
6179893669,14
1890477614,14
8148223055,14
5639828989,14
7319016244,14
7337028168,14
6551013848,14
7844685863,14
688983029,406
5730020440,14
951212890,14
6858585559,14
1317229087,424
8047152703,14
998419356,14
6974767241,14
5562580755,14
1072554420,14
7757519182,14
5705506133,14
5570054316,14
7582474273,14
1431008141,14
1401806108,14
8152330640,14
8118266096,14
6943453222,14
2009869333,14
7056033201,14
5804429238,14
7097406769,14
1238541630,14
5274684036,14
851052341,14
7327462079,14
1636541322,14
5643474454,14
7619862187,14
766332919,14
1072879850,14
1650610226,14
8045386315,14
1495565227,14
1036938084,14
7524588012,14
7168518016,14
5829916975,14
6238533700,14
544375145,14
1737207785,14
6719219767,14
962695037,14
8041356549,14
8126728826,14
783019381,14
1173453519,14
7069722312,14
6168656696,14
6712234681,402
7692176112,14
5678012852,14
6099736499,14
6662708146,14
6606808379,14
6310409158,14
6036074543,14
5089701674,14
6323341962,14
6684638718,14
7262424136,552
7042456027,358
1488236793,14
883348702,14
7365650213,14
6533527638,14
6854837111,14
1374610238,14
6518970218,14
7228888909,14
7308400043,14
6092692285,14
5327313457,14
6384897476,14
1241868460,786
7204404201,616
6467545438,14
5383032062,14
6870612145,14
1974774357,14
8115402699,14
6085928431,14
314289571,660
1430579201,386
1305798520,14
6553619389,14
7648683944,14
1649132985,14
5276376658,14
1452478584,14
5191410598,14
7694631369,14
5712862866,14
5743770842,14
6068001366,14
1558045456,258
1284551753,14
1324695745,14
5121577565,14
7021806510,14
8173364736,14
6515022725,14
745684310,14
5963908120,14
7232674550,14
1990191848,14
6280098997,476
6421189150,14
7036246866,14
2103622567,14
6839492839,14
113252431,14
1979874393,14
6038670344,742
2138071637,14
1839473158,14
6648089691,14
5943077595,14
2001084421,14
1229852126,14
7606431057,14
6187112829,14
1993636068,52
7756156377,14
6963210885,14
7162626567,14
7139930734,14
7282779038,14
6137298494,14
5332732598,14
6562833601,14
7022508822,14
833527639,792
1272245346,14
1499630688,14
6773859755,14
5204666074,14
7333757267,14
6769263340,14
7281944857,14
5913474274,14
7888960940,808
1610478473,14
7049847473,54
6855702031,14
1343859509,14
6306977040,14
1658234526,14
6910951299,14
7825164816,14
7925745066,14
6419304250,14
633436644,524
7817905502,14
1343636224,14
1208234618,14
8087549540,14
2111951326,14
1487297867,14
5221989640,602
5367837411,14
1393503380,14
5811405934,14
5734073823,14
7947305210,14
5575909958,14
1908267340,14
1620472098,14
1886130498,17551
7182888367,840
6442437984,790
7731721002,17443
5003066605,17431
1779818792,892
5115106674,14
7417883974,14
2077941735,14
6986983516,14
5813634841,14
1343271104,14
5395539747,14
1565419289,14
7083142521,14
6482001163,14
790265853,14
5572065448,14
5441523564,14
5765258138,14
1181022943,14
6061758594,14
6712773734,14
1909743089,14
930645412,14
1917785191,14
1128834459,14
6441713876,14
6961056635,14
6509636700,14
7038614209,14
7491536024,14
6463414723,14
6929242413,14
5661630743,14
1885448536,14
6808147891,14
1609999841,14
7157557728,14
7823277199,14
5570614878,14
6542850738,14
954332552,364
248655565,14
5703416496,14
1253509435,14
1388337663,14
7328008506,14
1791701755,14
6209311220,14
7066816744,14
624295094,14
7725895478,14
8179002832,318
7241280953,14
1062371732,14
5406177905,14
7783999702,14
6730325520,14
1894140903,14
1590797090,14
6793204783,14
1435763175,14
1719479573,14
6295800394,14
6794610899,14
5122868942,14
7964173956,14
6010764032,14
6110499999,14
1307088130,14
6925031910,14
6427868562,14
7604127777,14
5113793961,14
6277090438,14
7365096194,14
7837216792,14
5837337025,14
7533185291,14
5554171271,14
2077462336,14
6595440402,14
7776450284,14
1926253499,14
1795595122,14
6501672378,14
5032219261,14
6428969499,14
5516555572,14
6342931524,14
7043964766,14
5301991286,14
753448255,14
6693752627,14
6021688084,14
7531773192,14
7467942941,14
8031375237,14
1136784451,14
6726456918,14
1292589282,14
7050186215,14
8144390727,14
5124961622,14
6762567898,14
841854121,836
1752874921,14
772584270,14
5016794068,14
7898019745,14
1367304396,58
930994902,14
5723486598,14
6569887696,14
5497381258,14
6073607019,14
1568635496,14
129746890,14
5046507359,14
1343770788,14
6348237997,14
5707933537,14
6556546300,14
502402843,14
7768543953,14
7520557224,14
7337878663,14
155870218,14
5196441682,14
1212250612,14
919598679,14
7668024090,14
6813906997,14
7111639717,14
6379003345,14
6966517296,14
6179670479,14
5047240678,14
7541645930,422
7603747170,14
1557629039,14
5550781102,14
7435780683,14
6816746149,14
6181174045,14
7003377737,14
5287658922,14
6200911023,14
1678706039,14
1100542533,580
5143451622,14
6832668137,14
744640192,14
5350776737,250
6392301206,14
554475973,14
5405850903,14
5500915999,14
6458020637,14
5064481721,14
1446094652,14
5510918445,14
1644794953,712
7315089567,596
839967690,14
5571515217,14
1700601421,14
5627602499,14
5513155465,14
5293895369,14
966946188,14
6397992116,14
7075515904,14
7787105513,14
6457703947,14
1006912212,14
1569966748,14
7727571511,14
5469137771,14
7460311964,14
1300945110,904
6207390905,14
6277787702,14
6859918727,14
2025608081,14
7318861973,14
529275347,14
6068771512,14
6164222778,14
5355063448,14
6678170656,844
943223039,14
5407916096,14
5799858980,14
6146179183,14
549216889,14
7217910079,14
6615108186,14
1265539746,14
714398651,14
7933168502,14
6014301088,14
1073804623,14
5100213626,14
1944082418,14
5828652870,14
2012320254,14
7857592915,14
1560327337,14
7230060537,14
7787566960,14
1300153873,14
1232744006,14
7159305978,14
5650222255,14
6159873072,14
7069458856,14
6282499700,14
5090462332,510
7539468600,14
2135566078,14
331762538,14
940674116,14
1017392983,14
2050277727,818
7855869854,14
1889753034,14
5194828940,14
944562179,14
1903741190,14
5672516286,522
1478246111,14
5019893473,14
6312764634,14
5876284066,14
7700091087,14
6676855722,14
7889509623,14
7531808962,14
6689435857,14
6428144704,14
7045909113,14
7545995171,14
6041586282,14
7096965673,14
6499016358,14
1024543311,14
7105427146,824
510107438,14
7611188623,14
7956507382,14
1350207337,374
7905846958,14
915814679,14
7248855820,14
7176495891,14
5800874844,14
5632979300,14
6916315677,14
5021850317,990
5990666147,14
6958479243,14
7659117922,14
7790729019,14
6689879236,14
1985966433,14
5078580911,14
441129561,14
7108349138,14
6369836005,14
1442323900,14
6815375876,14
6781433787,14
418369130,14
917003860,14
7202353418,872
6242206967,14
636002981,14
939030159,14
7559615009,14
6090406726,14
1284611504,14
5757566244,14
6618927998,14
5293358539,14
202530886,14
6024969344,14
6135792494,14
840776490,14
1647738325,14
6867141447,14
7196316059,14
7094011185,14
7607248207,14
6568937218,14
468347094,14
647441541,576
7688915378,452
2070499190,14
1281022573,14
5573300629,14
753829616,14
5218839479,14
6376488667,14
813858493,14
687278222,14
6120038750,14
7126814121,14
6792264489,14
7533664313,14
7210102986,14
839919751,14
7111283467,14
7615860506,14
7539521633,14
7706119031,14
7838588535,14
1267228281,14
8082334605,14
1339043082,14
5138163802,14
7077752451,14
6403322450,612
1490683718,200
7352434388,14
6088794088,14
7265006423,14
5048995004,14
5417476201,14
7171339588,14
5780482506,14
7453716215,14
6387784215,14
881685749,14
6886801324,14
5654251093,14
5217582179,14
7146287833,14
1516384621,14
7737429150,14
8025986195,14
6445441617,14
5026814494,14
7013525272,14
7592009248,14
6571890471,14
6858977701,14
7094190538,14
6234638184,14
5843358477,14
5651875199,14
6283534831,14
6870565629,14
6613433016,14
1100288196,14
693137877,14
6900693159,14
1964055224,14
1681445959,14
5781469243,14
6608024268,14
6728599356,14
6508540677,14
6726138480,14
7179997568,14
7050886691,14
7160203236,14
7390374729,14
5260398882,168
6292092861,64
184884807,14
6552380543,14
7027471504,64
231028499,14
5097361100,14
5720165448,14
1416996761,14
1659444365,610
2085267750,14
1192328848,14
6573659517,14
6064074917,14
5563032486,14
8173303501,14
7947355572,14
6484845971,14
7536234713,14
289373831,14
7101335467,14
5848886878,14
7439620045,14
6554946432,14
6559586909,14
5464201453,14
6905999568,14
1836392663,14
6821491053,346
1261188978,14
7890412199,14
939725239,14
1566720299,14
8126810671,14
762185730,14
1276042604,14
919584259,14
6932845976,14
7179717950,14
7004993737,14
6736425001,14
7025457953,14
5576439611,14
6642689407,64
7064914940,14
6734210445,14
374730928,14
810791364,14
2052034208,14
7393885903,14
6657503723,14
5898788454,720
5516630828,60
6593525862,14
6409325592,14
1604721023,14
5454067484,14
8189192686,14
1747765673,14
1628730476,14
1080948770,14
921738043,14
1909262092,14
747716203,14
589395494,14
6693666494,14
7020651713,14
7253243790,14
6018663445,14
6411201176,14
474274058,14
5061323301,14
1680063464,14
5172422094,14
6316294880,14
7405281659,14
7818661489,14
5455422316,14
7316425463,14
1947313735,14
5765791074,14
6813995854,14
7483689365,14
6178727685,14
6077498953,14
8165797586,14
7774894140,14
7309185619,14
5475344373,14
1951825974,54
5062753305,14
1561379408,14
1825685598,14
5813290987,14
5229791996,14
6294756116,14
7112866121,14
717533881,14
7024082208,14
5889460484,14
6529323339,14
982887154,14
2126366502,14
5119451406,14
1541934059,14
7974445577,14
6212831541,14
1025513346,14
588314931,14
7670674988,14
6631143642,184
5091741240,14
6421056896,14
6591992493,14
6727844464,14
7309429474,14
5590692597,14
5383489495,14
1004437099,14
7307474242,14
6945949596,14
711767468,14
5804579710,14
5649918949,14
7057365039,14
7371783319,14
837466794,14
6681314715,14
1398169853,14
7574167558,14
7066282479,14
7156615739,14
6503808721,14
6182968884,14
1612683004,14
958125109,14
5867336507,842
5671476043,14
6340048889,14
6643853546,14
7272421985,14
6820250574,14
6748017792,14
7219719407,14
6422212893,398
5065757823,14
5509313388,14
6121471141,14
6201447201,14
7254772293,14
5985312284,14
902959559,14
7399688478,14
5606903925,14
8045300286,14
2078915665,14
1378697970,14
364111485,14
1452505316,14
6677711105,286
6575854436,14
5132586354,14
5768566038,14
696471140,14
6720139281,14
1045539160,14
6930663636,14
5834594889,50
6848130728,854
6948576875,696
6305904484,14
966534968,14
1244327523,14
7625972809,14
1919771329,14
7388090554,14
1292462490,14
7514256331,14
1289264994,14
5669857755,14
1690034294,14
7020821389,14
7456173740,14
1722466534,14
982232714,14
6994615728,14
8021124510,14
7640521481,14
6480373409,14
5446492249,14
6848276815,14
1793133982,14
6585140260,14
7076923098,14
1039478969,14
7421627704,14
7090053170,14
6432473321,14
636905307,14
6025550934,14
893658228,14
610679514,14
7475292616,1672
5917019196,14
6689432668,14
809348689,14
1774482279,716
6315246997,64
1306041927,14
6384633620,14
6903797960,14
6042720569,14
6835584830,14
7830537013,14
7379308979,14
5220049071,14
7696546409,14
7912776824,14
2075497119,14
7802086123,14
384519881,14
7174091097,14
1222439315,14
6876142935,14
5423362339,14
7329164319,14
1686810178,14
5049283909,14
1068110727,14
7498598501,14
824999159,14
6889216076,14
1833158206,14
1916393589,14
7896352346,14
987540698,14
5092405759,14
5158957183,14
6891775372,14
1325230863,14
5211058033,14
5833814208,14
7728583047,14
1843581446,14
7628070013,14
8123899707,14
6813665471,14
7058872121,14
673485356,14
5589615428,14
6300695044,582
5406273435,14
7254558437,14
6749935261,14
5444361896,14
7532222311,14
7299871130,14
7588866789,14
6066799191,14
7358799030,14
6590387785,14
6542923555,14
1990807136,14
6645251494,14
633319380,14
873639630,14
8087004687,14
5730236568,14
5863744448,14
7031272167,14
5814817086,14
539126169,14
5293242638,14
7825512518,14
7072541199,414
1862920199,128
1486101542,74
6588771050,14
5550208175,14
7315303050,14
7320937168,14
1368044091,14
7136181802,14
7668691320,14
6083474029,14
7061890278,14
897830508,14
6038135740,14
6777639507,14
5801050722,14
5513085238,14
5653621049,14
737036777,14
6574936142,14
1525657237,14
1378332284,14
7091232928,492
5252105730,14
1849688949,14
6465892392,14
7047582828,14
1304522915,636
2101848843,14
5488084216,64
6452313851,14
1321874709,14
1798252409,14
1948117813,14
5877848678,14
6698670811,14
6566328213,14
1175786479,14
6167729600,14
6588652180,14
6138383536,14
7445222198,14
5940705405,14
1158868434,774
1887452630,14
1133125865,14
5168589942,14
6591976191,14
7715560831,14
6306383668,14
5539208173,188
607467128,14
7629167872,14
5670839123,14
6182337398,14
5714065677,14
5767479200,14
790910312,14
6563052078,674
5539211159,312
2053824675,34
5697329808,14
6106051680,14
6308990591,14
6763585476,14
6176197896,14
5189792324,14
6401337983,14
7445791604,14
6308730225,14
7060715277,14
7472970113,14
5333836938,14
6417533426,14
6632685459,14
1558303072,14
6606472254,14
5398015799,14
779943638,14
6513561558,14
7079516471,14
901103072,14
5248048407,14
6296444519,14
6982036453,14
801407137,440
1120949135,14
572570841,14
181287140,14
6707232570,14
7496891290,14
803040789,14
6217839107,14
5941608400,14
5388346262,14
1071604090,14
6582363172,14
7029467084,14
919493140,706
5008916452,14
7152996935,14
7903113816,14
436053043,14
5753969141,14
404916561,14
2137745742,154
1601310807,14
7467835904,14
1306241408,14
6967064087,14
1245608641,14
6494309949,14
7883658182,14
7024081456,14
7060967724,14
1745751997,14
7264717985,14
1722421086,14
5623945796,14
6778648105,14
7937874050,14
6576086611,14
1422660542,14
2038138331,14
7128907885,14
1861770843,14
7956238827,14
2047201880,348
6482713123,384
1239004072,14
1911506459,14
7215646309,14
1617656243,14
992444337,14
947817895,14
6622468119,14
7593182533,14
7796939114,14
5733332480,14
6017554148,14
1606964590,14
5954423240,14
6637094047,14
7905453154,64
5959807422,14
5822341741,14
5694845175,14
1855141751,14
6246793656,14
7748193305,14
6351881521,14
6245254047,14
6279123399,14
1369450191,14
7576859078,14
6344346028,14
6345395564,14
5423051144,202
7479665531,192
1761957486,14
7449101920,14
1432443549,14
699240150,14
6868747294,14
7408446446,14
5073660854,14
5336061501,14
7496521478,14
1135114961,14
7159290319,14
6635198070,14
1947932053,14
6168945610,14
1485231666,14
7999044777,14
6307013685,14
6936893708,14
6402943892,14
1542756691,14
1091337626,14
7246406337,14
6961625362,586
7227616595,150
6992077364,14
6978523918,14
1793220097,14
7250524644,14
762713400,14
5197582436,14
7745207354,14
7850528562,14
6778562937,14
6166748074,14
6291497461,14
6278066137,14
7005533963,14
6150506104,14
2021733880,14
7529443574,14
994827135,14
6463339624,14
7042869184,14
7030026178,14
6436660094,14
995863169,14
7378416826,14
1134014554,14
730334731,14
7719353153,14
5935238642,14
6925722035,14
6780174654,14
8091712971,14
6500792102,14
6228912716,14
6119590119,14
6910017297,14
6669505795,14
5309505622,14
6349356575,14
7483066269,14
5846476962,14
7958493742,546
5394447062,14
7098558441,14
6511853860,14
5678718140,14
6753494531,14
7258574740,14
5554775402,14
5040088108,14
6241626535,14
7032070508,14
5302091111,14
7427177381,14
6363450902,14
7702641419,14
1203415970,14
1284541349,14
1852588465,14
6946380391,470
6751201132,50
1482637699,7020
