userId,xp,username,twitterUsername,discordHandle,discordId,ethereum address,FUTBOL,
00b2bdce-eae6-4cf3-9112-24fd1d7a394d,4850,LowkeY,john_carter2024,manboy_626,1223316192757026992,0x8dd53c61a0ab99c6f7707226fee044294976dd7b,606,$FUTBOL
c8eb4643-58c8-476f-96b8-adb4b0caca78,4850,WANNPATO,DeltaBadass,alwanda6,1091145253723050084,0x283efd50faef7a6796f5c0dc79b6274c58b998b2,606,$FUTBOL
713201c2-a943-411d-a6b3-afb50fa2492e,4850,Qira,EastmanBryan,0xqira,1045019986869104730,0xdb6a0466c7b88041701593208332bc3de1c423d8,606,$FUTBOL
34d31a15-76f3-47d1-a4a1-f29098e55b8e,4850,0xvtec,0xvtec,oxvtec,1071321035691012157,0xcf871d6ff6a1b00d9126d9b475de47dd0c08c04f,606,$FUTBOL
e05bc0a5-a10b-4b24-b65c-c52d00af453d,4850,bamqt,juraganhokii,abam01,1055545870164172860,0xfa536891b14f9de3704d77c4b23f8c13a2350694,606,$FUTBOL
e277d03d-190e-4e4c-bfa4-1967aee725a9,4850,blackgrape,Cathquiv,0xgrapee,1323931873658802266,0x5a2494c060e8f4c083f2e2e54b5ea9a00f5919d2,606,$FUTBOL
497a7349-be01-452f-8ab1-20177f83fc82,4850,Ridwan5,Ridwan595,ridwan595,1004703003233759293,0xd953ebe70197e030c7fa933b4dcb2b98f680d5e8,606,$FUTBOL
99f1f479-6af4-4682-b3ba-87aeb0f9dac6,4850,ZealyGhod,TopballerWeb3,topballer01,1215395814755663906,0x0b2f4df419040a26660e52351f71bd411bfd828a,606,$FUTBOL
3653d68e-5e34-472b-9522-34da188df3d0,4850,Queen_Baller,queenballer01,queen_baller001,1327734017889669200,0xc36a72ec98c626b76c36371f8daee5f5478ebd1f,606,$FUTBOL
1c33c809-7996-4200-9e2c-3d59dfaa83c1,4850,Jonvee,Jonveeee,jonvee__,1221158718335488020,0x10145f918ebf9b3be12f677cec34cb67d0a03c36,606,$FUTBOL
a7cbc74f-2d8e-46a7-a61c-9b8a02dc7999,4850,DRACULA.KLAW,KingLaw1670025,kinglaw1001,1225368443449114644,0x1cc3303cb1f4f00d70b155449bc13a166fdcf85f,606,$FUTBOL
f60e89d4-b19b-47ef-9134-687bbeba502a,4850,Perrybeyonce,perrybeyonceX02,perrybeyonce,1217252758718120066,0xebd4cca1add7ac7774b9da8b5222bc1da693aa09,606,$FUTBOL
c15a8210-64c7-4d66-9c82-6504d5f9df12,4850,WACANZY01,NancyPhill78426,wacanzy01,1366154044535603281,0xd4419df95dec5080ec68a07f947c20b906fc187a,606,$FUTBOL
f3e36388-b6d5-4b57-8810-024be322da72,4850,ImoleG,goodcrytho,shineluis_,1149844270396751972,0x86daccc8ec94da0a4370f84c1b3fb0c23cc70866,606,$FUTBOL
49c2f14b-7122-4293-b671-ec9fc5bb99d1,4850,kosplow,KajMuller,kosplow.,843417065771368465,0x96b1ec6b440a6a8a2e3a48be2725caa15e34faaa,606,$FUTBOL
5f0320a1-6a7e-4afc-a9c4-82e8257143d2,4850,3Brainiac,Brainia08329253,brainiac045,1231339163199078421,0x8c79f33d2c72a02e0d565928deaaa9459a0ad9f0,606,$FUTBOL
c48767cf-287e-48ea-a042-d482f938f0b1,4850,Jumong1212,dheeboy23052000,dheeassiak,1209265074582323281,0x8956e0046644a925463f126b3b1496ea70be1b24,606,$FUTBOL
c5fc9040-d92e-4e1b-b5bb-9be1b77e9c24,4850,Nehetex6655,EssienNehe36414,nehetex,1350109429240172575,0xe6b3f81e200bf454cfe033878a430e58d2217101,606,$FUTBOL
f9c6f22f-b881-4aba-ab5a-cb36d766ff36,4850,Bossladyyyy,Perry5689,bossladyyyyy,1299703811883008051,0x6caf96738b9aca9704e12290ed6bb5b293a7d51e,606,$FUTBOL
f4bfa407-3cc1-4286-8259-21369a1eeada,4850,MingTechX,Jon_Snow185,mingtechx,1146874746118615061,0x6a0ea0b1ad3b923d1d87c6e12439921533ad9cb0,606,$FUTBOL
d2ee1ad7-4226-4031-9a39-bc2a8d908a13,4850,Perxius,per_xius,per_xius,1299386525729034250,0xc3cb5f158b373c3aaf7400bd279494fd954815f8,606,$FUTBOL
4ae7b843-6d9a-46a1-b542-3013f0800b20,4850,Napol_eon,ObidiVictor_,peterviktor,1136409483883581550,0x23637fdb6fb934b1d3cdc35b957c437beb298097,606,$FUTBOL
1e201dea-fea7-4241-a808-76a8e1647bea,4850,nathanielo,nmpareek65,nathiana56,1169873064423591966,0x91171f8ff2239fcfa6edb9b520e03e6fd009e6cc,606,$FUTBOL
b238569b-6361-40a5-87bf-cc823bb2b019,4850,Cee_Eth,DeGeneral41,cee_eth,1135537880408805386,0xbfb6491547ab31864e01e08cef3234a4974585fc,606,$FUTBOL
2ff38d7f-3b63-4e4f-a97b-d4370a1f0c58,4850,ranimukhar,SWeinapple,rani10107996250507,896678938875682846,0x0e273d082fddf130eb0992a2b356b4221bdea409,606,$FUTBOL
2ff722cc-0e72-4464-8b7c-cd4b72fe57fa,4850,Artyom0,S2yC7Nmj33KnirX,tenlea1874968,966776178574774344,0x13c38510f15bd0a59381be2af007fd17265d637e,606,$FUTBOL
5c88901e-c138-49c4-b9cd-862a59405ab2,4850,Amandus,manuelleconect,noszczi4623,1050933403781967902,0xfec397b92a65b77ea76a19c2543b2dcce07d51f4,606,$FUTBOL
d67ec7cb-cde6-409f-8f93-fdce00b1895b,4850,Alexiusss,2001_saeed2001,gilalad,938385788184436790,0xc756e687c60ad800f14b575d9e3338261a083fbe,606,$FUTBOL
2946ad0b-05a6-4246-b09d-0046f34d8acc,4850,walidev,Lisa835149334,wali2143,877132219955695646,0xfb9762c6f38f41d1323fb90986c9dcb3489054c1,606,$FUTBOL
0a48dac1-3d4b-4b44-b8a1-09e8e17e9c60,4850,Barrettali,belimyarg,rosietoes21,831639719754072124,0x0761e346356403b1a84cb35baa1e9b4371d010c2,606,$FUTBOL
7635f3e2-6081-4880-a219-f4bab5020d76,4850,Gad123y,kuyigad,gad1230570,1378439421627732018,0xc8517a0f35214bb3cc88e226572f2718b2c473b2,606,$FUTBOL
20b8cd08-5f57-4941-92ff-bd04d73fa231,4850,Brandong,tayor_49946,mlyon0369,1232111378534240289,0x1B45bE6c72d67a59cF9C05Dc7de733F83c32c792,606,$FUTBOL
b44492ee-e487-451a-bf67-6058de6f32e1,4850,zanibfatima,VladCondurachi1,matthew67t,934074973599956995,0x1ba4957cf6de6617151e606c8f531f75ce5d471c,606,$FUTBOL
e5bbf502-0943-4513-bc0f-c56bdf131b67,4850,yasirshami,uhuj_ini,henry5678786,1237583070173855764,0x4b6765533da2718cdf3bd6906140ac6d8e7ecfac,606,$FUTBOL
8f2c1118-ab5c-4776-aad1-b5952646ca41,4850,nedrakhan,BuLLe7zIndy,amadi4295,983980471757185034,0x45418a0753f976d2bc5e68a3b6f482c5ec349e4e,606,$FUTBOL
5da1822a-42ce-4c4d-ae0d-622af437eb07,4850,saqlain14,janocarco,joyful_hamster_01175,946173317101019226,0xdf2acfc0acf8984fba420120ed291da06d9149d3,606,$FUTBOL
05551305-d7fc-41ba-8313-aab41b5f88b8,4850,bilalasia,YvonneCiss91708,maxiiiii786,815422737622499348,0x7d580a5b350dbd9eab8f516dc7c79ff9c9819983,606,$FUTBOL
30d65e26-e044-4452-976f-9f2b646f4afc,4850,Haydengg,eitta_laryssa,akachukwu778,1169913027148140606,0xea173fa02772c44e9f78ae9c2d41db566ec8f60d,606,$FUTBOL
2f7d254b-5b84-464d-84b6-b331de482147,4850,xavierjup,corazonjocosol,wilazxz,1046437591983067206,0x9a7058dbe6529c6565f3b907ca4418a1b3e98aa8,606,$FUTBOL
8d679c53-0745-48fc-ae6f-279dfd458fbb,4850,Elemide,ElemideTes63617,elemide_42321,1367739334765318224,0x39ab772723832954f29d836f2f7c214c4137c10b,606,$FUTBOL
964e8f08-c414-4c08-b393-ba120585cbc9,4850,Jnr4,AjibolaAko20412,junior008595,1245308909162598443,0x6cf4654ecfbba21c386df9629de03dc0a103bbe6,606,$FUTBOL
b29d800e-abad-4a80-a600-890304326280,4850,APEx PREDATOR [ðŸ’€],Apex0god,apexpredator6666,937364460581060608,0xf90ffc199a562c676eb2d03a0f07fafac8110c0b,606,$FUTBOL
727669e3-087e-4573-8df7-e7c35fce59f3,4850,Joycelike,joyce88133841,joyce073799,1232842041273356351,0x86ce764e1e711e2b79e9be3e3793b59064d4e31a,606,$FUTBOL
8fc4f727-c962-432e-b6de-c9738e018d6a,4850,Hardexvsop1,hardexvsop1,hardexvsop1,1223589907289866263,0x27d77b944ccfc54bc8457cc3398e6dc38a1ba966,606,$FUTBOL
92f0a074-e155-4261-b5a9-189b54f53a0b,4850,Okpdan,okpdan,okpdan,1279822427777405038,0x81a9e6a442f61fbfb4e92893f9091300baf7def4,606,$FUTBOL
047c0881-984a-4f05-be9f-985d87d09ffc,4850,HARehman,harehman103,harehman,970725131716534293,0x4b3291b10e50d73af834da39b1d2c3cd3dacb3c8,606,$FUTBOL
b93b9912-98a7-4a95-b600-0f74f58632ce,4850,Sdtxhur_933,NathanielH51022,sdtzhur_alv1933,931244424946667673,0xaec724531a0998f306857e2f185e5851d48fb190,606,$FUTBOL
8013b090-2525-4ee4-bba8-aeecce0a09ca,4850,Nna10,GuyEwa87942,nnadave32,1058279844259037234,0x7a082e72a80a95bfe6cdc4c836d8e4b87534c7dc,606,$FUTBOL
57060d79-d75a-4f63-b130-02a0b5bc038a,4850,tahiraa,HayleeLeah,slayzexx,979437974532014141,0x691b97cf76639bedcba8a1ba3e5d79b038b3d54f,606,$FUTBOL
9e72c4e8-a05f-4fd7-a1d6-c5034366e493,4850,Maddoxxy,reflec_hiro,yasmeen5678,996869346401992775,0xd1fddcb49c8ad74397fbe878d73bc5ece4eabc3e,606,$FUTBOL
078488d7-6d81-4ee4-8b7f-4c832c358410,4850,Dawsongm,xredouanx,ahmad567890987,1019467247267356712,0xa9db0993341cc8f8099908e787c7420bdffeacae,606,$FUTBOL
85c73926-9509-42bb-8a7a-842f791e2581,4850,Miguelliy,gabbatrinko,arooj56789,947159914860671007,0xe29ddc8f62db7d86d1c6a46019bf8c072b6710c5,606,$FUTBOL
9493135e-02fc-411a-843f-bf1d926fba1d,4850,Emerison,denetanya2303,birdmanemerison,1236069827135934504,0x58ed6d4d7fba5a7e6acc0a61569b4d146fa2f560,606,$FUTBOL
13bf1116-f50c-4790-9176-5006eb689a6f,4850,Black_Clover001,CryptoC96,black_clover001,1057670804239810620,0x26d6c9a0ab51f5a98e0237800be0a161caf82b9e,606,$FUTBOL
f28246f7-c54f-43b2-be1e-156b6a5103b0,4850,BeatriceTobs,Beatrice75375,beatrice8831,1088420902624055356,0x1729c4daea45ec07e22d985e02738d2f3640e16f,606,$FUTBOL
cff837b9-e3b6-44b4-8803-32d7714cae9c,4850,Captainfeci_Gasfee,captainfecilove,captainfeci,1031956816034287628,0x856aa7e7d4d95f3d7c427ea426862fbc26b0ddcd,606,$FUTBOL
a90ea9f2-31c9-4880-95ad-717ce9cecb6f,4850,prestoon,CarrHenrie71369,fahad5678908,1239747105363591168,0x76d3824aa30c6b1f0c282e641eb1531fd36f8090,606,$FUTBOL
90fe7a5d-3e91-4ebb-a18a-dfb4bbdb0cf4,4850,Drsamc,birdmanxx999,drsam63,1155553173122068643,0x12c7829745da89d323df16fe14d2c84ffa4bf26b,606,$FUTBOL
d7766e1d-e837-44d2-a217-c6a22c9d7c4c,4850,KeithNFT,Austin963761946,.keithnft,886179084105834546,0xddba922a03f330a0bcbec8e2c9dab13a3a394222,606,$FUTBOL
bb84b294-36f1-41c1-81dd-31ddccdb6d0c,4850,Amellia,wade_holt11408,lascar.za8652,1041305295281995837,0x487a520925ac93dde573c97dc3e1462131f000c0,606,$FUTBOL
c3f6d3a8-ba95-4a6e-b04c-c98ac4f8cf51,4850,taongaaa,Ar_jhay15,tahir56788,1240837585815736370,0x4974a166cDC573BF619FF51fdA013646cfB06dd5,606,$FUTBOL
5a0bcb1b-88cf-45fc-b637-151edbfe9558,4850,HarisK,DebbyBroad77797,keka7103,1047567530828513301,0x0f711b2381f6a2c0aaea9003ddf9283c3537ced1,606,$FUTBOL
d3da2309-4cb9-48c8-acf7-357de1c259fd,4850,Jushua0,MarianFaul97668,dark_robloxyt,980057258232774656,0x7fc6fb2db818a6383975b7238ebf67fbd3b98c2a,606,$FUTBOL
f26c5a0a-16d8-4336-b1fa-494e3b819db5,4850,Messiahbili,Kawany67,mariam567896,977878062844743750,0xda2befe1d1bfd82c2593f4a758d3f9d91789a72f,606,$FUTBOL
8fbf0455-7117-46e9-aae2-a3fcb4509540,4850,Naijanote,Naijanote_NG,naijanote,1093506372722765884,0x1da17f17aeb3dfde4916356220e2060758496f00,606,$FUTBOL
7a94efe7-3bc9-4eb5-b32b-651e75499851,4850,waqaarzaka,adptwgjmajt,waqas567634,1033016438287503390,0x3077ab800aa9e8ef9f027d2aa11ec13e0eb60870,606,$FUTBOL
7b00cd6f-f390-4c01-acb3-09fc9c44ac43,4850,Seeremmi,EVictoryye,seeremmi,1330850005929689170,0xcc115597cdaafbbfe6d1f09aa491a94e2a680c83,606,$FUTBOL
9920f5fe-267d-4766-8ae5-0404d0e01145,4850,Ox_DefiLord,Zealy_Hunter0,fear_lord0,1342787653430546525,0xa9a34f1e64011df71ad703ccb0870d564db11626,606,$FUTBOL
439d91b9-885f-44ca-8f83-74d13d27bfd4,4850,Campiory,kenyigi,campiory_68216,1349516975579201708,0xa90fac1339cbe56eb5453dc8fa3e685377a2cf95,606,$FUTBOL
80f063a6-16ec-4556-94d8-cfc8b3fc9c74,4850,NotRATED11,Abwitdvibes,1likalotapus,1110538084581376020,0x91f97842ce937b9bdc5ecbbdd1aa18e64d279f2e,606,$FUTBOL
7bebbf65-07b0-4ebd-a02d-e0a559cfd987,4850,pkennedyy,Christo30911791,jabar5678677,1017164460324036632,0xd8108ed6bbe347834890f97a3eeedc7d4b133d11,606,$FUTBOL
116816fb-153a-4ba7-a5ca-903cb304f459,4850,pearceatherine,SamueloluwaTim8,d3ficat,1262987427304312887,0xe8d24de879a85f9c952c2a18e606ba1fda1fe4a5,606,$FUTBOL
ca0d1271-29e1-46ac-9850-6dffe756003c,4850,perii,lilperii,ferrycyna,696008736321437746,0x680737d1ee0104a9c2f010ba413242009e79cdcf,606,$FUTBOL
98faad17-07ae-4623-b5ef-a9bed0bc6365,4850,Moitry02,monitryy85460,monitry.,1350454672804024330,0x51771d468c02c758fed9d484d9929130eb2e1f48,606,$FUTBOL
f89abb6b-dca0-40f7-b758-3ec2b915dfeb,4850,Matippy,ganghy146304,conate0461,1277599365057482776,0xfe098352750321387e49558e03805a2fbe39ec07,606,$FUTBOL
fa68f68b-e306-49d1-9697-e71d083ddfd8,4850,tepareczka,Ioannidis2000,rehan567878,832683902442405948,0x6b16419a2305cf77bdc234a397b006f9cde6f832,606,$FUTBOL
d5530832-68e0-4087-a79b-49217cdb28fc,4850,farlydarly,FDahleee,farlydarly,1304979581341532221,0xb710b9f6bc387f917158c193c3c43d95676b1243,606,$FUTBOL
67f0f5b0-0a11-4710-9f8b-dd240a633508,4850,Babatundeey,daianealmeidae1,ahmad978f,1045059530112913439,0x22cb34a3a35c5bfd11d1bdd025ba0fa3252621a0,606,$FUTBOL
7e043a8a-442d-4628-91b7-77e189009f3e,4850,Avapatelk,avapatellkk,avapatellkk,1303039918372814910,0x0250b82d8f27ae875d258e2774932c529ae3099c,606,$FUTBOL
c943862f-32c5-4cc9-a586-f013ef17a037,4850,mohrinsia,mohrinsiah75511,mohrinsia,1307045194541305927,0x965c6fe49f4417445fe08e5b9dddb3968dce5446,606,$FUTBOL
aaef3030-f517-4919-902b-16ab28300a84,4850,majomonalisha,MMonalisa64809,majohmonalish,1305258104731996316,0x50dc6d6a944ee0a7c6ef23541f702e9800695907,606,$FUTBOL
e49e4b0d-7160-4ac8-b705-cd1e00cc9803,4850,Princema_tty,princeokeh2,princem_atty,1082605401805176893,0x8ac94d7068cd77483e6de2b9ad2bbc8cb0537eb2,606,$FUTBOL
06be9ca9-d7eb-40cb-a2e1-8816bd8ffd6c,4850,Akachukwuu,DaniCbtis119,nux7355,858366573877002313,0xf26668ad87093bc90bda70f025e5f6a9fdba60ef,606,$FUTBOL
0f597ff3-d71d-4994-9114-623e2a36fea6,4850,Adesolaaa,BeckRoy91859799,sitar5814,806304398757724180,0xfb3898185a8366a909b13016efa950e20472139e,606,$FUTBOL
b991fa59-998a-4ff1-a10a-2673cfb89357,4850,Jenniferloga,lewislittle1,atlasauto02,1117867646701023343,0x4fd86ec74c2ade95a8d557f360e5472f1abeb988,606,$FUTBOL
9a613530-c241-4dea-a5de-f216925bcc04,4850,mandyjames,mandyjames042,mandyjames042,1246802361620369520,0x80088f149394b957ceac112dc54287777fd2d141,606,$FUTBOL
5464d9d0-c42d-47eb-a079-673290df699d,4850,Munachimso0,RenataJohn60888,naila56788,848193683354550283,0x1b80f39826d72bcbbe6c38236b2fdb61542ada75,606,$FUTBOL
aff3dba4-6517-4885-8182-f93e02374ee5,4850,MARYBLOME,Cryptonhian,sphinxloe,959697827762700319,0x9ec46a92f15801256ecca037b3d3d05960de6ec2,606,$FUTBOL
edd43b0f-d5a5-4f67-a73f-37504e6e657d,4850,Offc,Janetakpan9,candycrush4,1147445515382956082,0x3c5829b01ea834f83e63f89d71afd565e489840c,606,$FUTBOL
5148274d-0747-4da1-b8b3-235be9da43cd,4850,issabella,DominicSam50365,rafafaber2023,934448424860942376,0x53c38b0160829c81b8a6aae7caa5b5e1d4fd16c4,606,$FUTBOL
f34e1c1f-836e-463b-b2ad-0b91ad7c688d,4850,PrInCe_Fx_ReAlm,thegreatbob0,princefxrealm,1223303622956158997,0xfddedd992fc3b3cec21a59f8dc2c1221c5a0ff67,606,$FUTBOL
3152a9fd-cdcc-44b2-b4e0-161498cde985,4850,Danieldm,MukanyaSite,cjmurch,954881015170621470,0x39788841d3f971e2a232d7bf297b52464d915fd6,606,$FUTBOL
6d5b2f14-ec60-4623-936b-40b84fc517da,4850,Kyle.2.O,KAGAM1I,kyle.2.o,979367159123836938,0xbe1cb20c994e112d30b27f84ce3b3a5ec987126a,606,$FUTBOL
a9b87b3e-3a3d-403a-8ee3-fcc202992537,4850,fawahad,KellySteve45843,igordavi075775,983014880510607361,0x37d352a4cede1c25f3b5b50accf9d03957065216,606,$FUTBOL
e398cc7b-4f85-4753-8728-a66cafa4fa72,4850,naimul,Nehal1193872265,naimul234,1123300316830498887,0xa51c4e41e25913e7c59cfe5ce2fda6d68cfc3077,606,$FUTBOL
1525f35a-3a7b-4327-97e4-b1ab8fa3c810,4850,nadira234,Irin990131,nadira234,1133678448703983706,0xb275ebc8bbe35d41f6fcd4b8a0fe4240a2468306,606,$FUTBOL
9e85d179-f97d-4024-8262-a5dd008d11b6,4850,qasim5,QueenaNich70398,redbaron30,934542622100434964,0x2de35dc9e312a71279475697e1fc0ae7bdbb218e,606,$FUTBOL
19def405-ea1d-483d-9b9a-823bb112f187,4850,Nahidboy,Gloria176141,mdnahidislam,1151542345557344408,0xbbf799fa551d383af36dcfb2f6b85c01b5c927f4,606,$FUTBOL
05f064da-e43f-4705-a91d-88deeec25ffc,4850,muhinkhan,kyt903135,mdmuhinkhan,1151544926824321164,0x6a722a23d3799f19557e59a7d3a28d665df66897,606,$FUTBOL
68dbe09d-8b29-4626-b382-5c79314be9ee,4850,Zobslordd,Zobslord,zoba0041,1220364024613572650,0x8b154ff23477b0d0fda2f30d788523596516be70,606,$FUTBOL
7654b3f2-3623-400a-92da-208580564954,4850,Abigail532,Cool22karla,mico3330,1049765384779210792,0x2e520c3d2de9ef6ae09461cd02a8865501289662,606,$FUTBOL
798bb544-4112-4a49-a967-43789b1cfe09,4850,firojbro,Jitu159286,mdfirojpk_54883,1151548742965665822,0xad8fe995b3f9dd08f192042fbbe690f9e17b4877,606,$FUTBOL
8e48a66c-229f-44c6-80ec-3b5b63513c98,4850,Samikhan87,yumikot0902,macabati7401,967960456377565234,0x82ffbc2010047f1fcc343ae4748aaa7282c12afb,606,$FUTBOL
ff6f4e42-bb20-4534-8ae9-7bf522601907,4850,jibonboss,David8299678547,mdjibonuddin,1151561044473425971,0x7d49f036dc2a8e3a4acb1a86c12cb529b4b628df,606,$FUTBOL
f60b7f09-b987-4929-84f2-3b3ad317e045,4850,minhazmm,Ruth17445528479,mdminhaz0603,1151565658555949137,0x0fba315d22194d9cd03bce1cb454edcd67c88e38,606,$FUTBOL
57d07817-e090-4e85-b391-978f49046015,4850,BARIk,korimk751,mdbarik,1151566952339345501,0xae39918cbf08509a7223293f72d34cb0886ccd55,606,$FUTBOL
1a5cde66-22f9-4cc0-b147-6d235b00decb,4850,mizannnnnn,Manik869252,mdmijanrahman,1156472719823614043,0xe51ec190905914fc8be627040943509fbf9cd0f1,606,$FUTBOL
fd3fe50e-1c04-4c61-8ef8-e928ae649d21,4850,kronique80,prabu_kusumo,kronique80,1050009647295234119,0xc8638e7c38b505cf142fe556211818179e8657c1,606,$FUTBOL
19531d0f-e699-43f2-ae9d-fec6bd1d1d57,4850,rajaulK,Jordan749170820,rajaul1karim,1156473615403987015,0xdfcfbfa2cd5c85053e4d919f52b6d43a2ce19496,606,$FUTBOL
525a4ddf-54f2-4fc2-8fed-d6df5a71f16c,4850,kanchon_s1,Nabin5342237969,kanchon_s1,1156474121941700618,0xe4b3a54e7b2420299c2ef2ec03f031f6131bb241,606,$FUTBOL
ddcdd7e6-9453-458b-87a3-33145b2e789d,4850,SadhiN,romano577roman,mdsadhinislamn,1156476700692054086,0x0e2931bd97410560e2460d5148defbd34505cc19,606,$FUTBOL
9aa861f9-440e-44fc-aa67-c0d35ae5856a,4850,masumpk,daniel40681d,mdmasum0577,1156477477275844628,0xf0d1280e736a21f7064758c42c8227874a2362cd,606,$FUTBOL
0e2c34c6-109d-4293-9e94-548b9bb61f81,4850,leo_buttafoco7812,iluv107,leo_buttafoco7812,1005156188427661322,0x7c3dfaf3640ed9cebd3827f7795fe1d4d9fe2eb5,606,$FUTBOL
5caec3c7-cd78-4795-97b2-1326ea531b45,4850,Sagorjj,tom558645,faruk0019,1180827106859565146,0xb781c1ad53293c930c7f0bf962c5897bb5ff83b8,606,$FUTBOL
675b63f1-dd3a-42e7-bc03-b6ed268a68c4,4850,FahimLegend,sauce3276,barik0456,1177232045823496212,0xdab1bfd37b668341f5e8faa61b09ebaa7bb6845d,606,$FUTBOL
5f5fd20b-d13e-4018-acff-a7d8471eb498,4850,strangerman,Andrew646102,rahim06962,1180789150438408215,0x9b7a7907d5bc95b1a2abb43790fdfb2cee4ef798,606,$FUTBOL
13ac7b71-b6a9-47a3-a1af-430ac8709bc8,4850,rakibsj,ridoy467ri,rakib0214_17887,1180488774904463402,0x359d75f86f4957c63a334323acca09d4015b45f6,606,$FUTBOL
b4bd7c3d-6a06-4f49-befc-881045e5ba56,4850,Raju476,ridoyri46767,rajuvai234_36408,1180517792408158268,0x9519ddc2a2a074c1cfc38c2cb32ece522ea52bd7,606,$FUTBOL
685a6c23-ca23-460d-97c7-f52cbf2dc32a,4850,hussain37289301,flavia_santosma,hussain37289301,1011736655742382080,0x745277df2f589ed961fb481d6ae443b579558ef8,606,$FUTBOL
357c7343-d866-4f7a-93cb-f241314ec64b,4850,davidsk267,trg53161,davidsk267,1257098092885315595,0x81859901790c44908bc536204a7f9d0cf48df912,606,$FUTBOL
9aff75c3-a4ed-4bc4-aa6e-d3b070b83bf5,4850,Sakibulgg,Farhan968216,sakibulbb_80675,1180544962421596301,0xb5503e337c67b8073661dd353f77e9dec80e148d,606,$FUTBOL
6db9c08d-2689-4b00-9a47-773c91cb8359,4850,jhonfredy4794,freewayfarrell,jhonfredy4794,955381955363479602,0xac1d8a20fd910026f92cffb230b656e49de91b9b,606,$FUTBOL
e8f70e2e-061d-4089-b6fa-5fda3c47a95e,4850,Lordsama,BenjaminCh12290,lordsama._,980606683900420117,0xff156c4bac024c4e0186feec4da343df735b27a8,606,$FUTBOL
0393de2e-0d6c-43c0-9aba-717e67dac4b5,4850,Najim0,Tonu211225Tonu,najim0609,1182969147592818709,0x53fa5880a94a77e800438c1bda5e34b64f23d77e,606,$FUTBOL
b7d595d1-a139-41a1-b489-a200815c4272,4850,roadys2,roady6706,roadys2,1257124447790301277,0xf5256a1c88807e2cd2a356aca87664dcc08c7a7e,606,$FUTBOL
24a9300a-1913-4cc7-afba-3d54614d67fc,4850,Chrisjenna1,Benchris001,chrisjenna,1215985497315213372,0xff7df306bc6a369a636bbfe4a2a55e119183c73f,606,$FUTBOL
2474f9a7-46c1-46fc-9cd6-0356f059aaa1,4850,imranalip,imranali789urvi,imranalip,1257127606952919102,0x9ced07e57514ebe459101adc09e8215de672ec2c,606,$FUTBOL
2ce87b19-fc5a-4ff8-a903-867923039a48,4850,Imohjobson,Ijo004,imohjobson,1209173322881962035,0xcff2d625b8988d2eb84e005cb106699308d6367e,606,$FUTBOL
6fc6f284-83cd-438a-931f-b2e36ee8d782,4850,rohankhan2,rohankhan78408,rohankhan0895,1257126814091055209,0xc1383dcaaeed587be575ac94ed092654cbcb05cc,606,$FUTBOL
d6920d45-9b89-484c-a4da-0a8901845605,4850,godapa,joostlip,chet0558,938969451917873162,0x8941A640Ad202e47AAB4d722dBae812Ae536eCe4,606,$FUTBOL
40223694-eade-4f46-b2ab-59c71012ee7f,4850,jackkha1,jackob51924,jackkha1,1257125268448088117,0x4caed588ce5925115852de10eaca2b3ba3cd5436,606,$FUTBOL
3bb427be-959c-4e9d-9d85-f443437335fe,4850,Stanley06,Stanley2062381,ridoy08047,1355926475332649091,0xf437df88f5712272b09c4802b3cd214fac3af038,606,$FUTBOL
2ee55609-9f33-4759-b47a-8ce030f3529e,4850,riktor,riktors10,rehan099623,1355931527057379458,0xa2eb62590710b6cd6c9b6c7d83120a99872d90d8,606,$FUTBOL
7a126a3b-e5b0-4816-bebc-1ab073dd7d02,4850,ttv_critmiss10,rene_bad,ttv_critmiss10,1023982218584006716,0x0af62702bba35dbbf2d4d495d4586c49c97f23cc,606,$FUTBOL
94ff05a3-8d97-40d7-8c70-583db532c75c,4850,stefanhawk,stefanhawk77,stefanhawk,1259472488891682910,0xd43e2ad214db8dccdbc582677f79fdccab7adfa1,606,$FUTBOL
60ea23a7-06e4-41e5-8269-e691f9885c18,4850,rita0s,Rita1717137,rita008949,1259470305655783445,0xd4221a1cbf67c41cf8020c76d2b57ba2f228471e,606,$FUTBOL
d93c0cbd-6170-4d1f-a74d-b5a6ad616eab,4850,william29,William227509,william34s59,1259467626393112632,0x76e1b5d035e5c9a1c7238cf626cbf95c840b5694,606,$FUTBOL
2422997e-297a-4cf7-b405-8891f11b9e1e,4850,Mizanvai,mizanpk498,peter24s24,1260029473722601548,0x21a07779535890dee42711cd7adc3c7bf7d281a4,606,$FUTBOL
81636afe-2382-44d5-a94f-1fffb9273c51,4850,ritamadam,ritamadam27,rita068254,1355935189477495105,0xd6e78f3fe003ddd59a29532056ee7581d9273db9,606,$FUTBOL
fd927881-3f2f-4c47-8940-b428d3c14a50,4850,nickkolson,nickkolson83,nickkolson.,1259476847750811710,0x90b952c90b55765b15e874fbe93d12407c973ab7,606,$FUTBOL
e03a9c3f-bc9d-438a-a7ec-2f2e2199d075,4850,yannoux4711,aroman1571,yannoux4711,1000657178752991332,0xa641cdfe979ce3f1e545372cfe50a87a5301d543,606,$FUTBOL
7b6b5f96-4d1c-4de3-90bf-90e3dc8db2b5,4850,Lalonpk,lalonmahmud364,lalon0168,1260030955524063336,0x7878ffcd938e7be03ccff99484d3062ab2729ff9,606,$FUTBOL
7ed04677-9624-415f-b377-b88fdb4fa3c0,4850,esparza1984,lourivalnazare,esparza1984.,1056241765138575412,0xa371c28cbc726ddf6a9611d89ba38eea080c9bfa,606,$FUTBOL
ae6b232a-d22a-476d-8387-30ceaef21f1d,4850,JacyJ,jacyt7807,jacy0460,1260556539928907879,0xd027c169f20a88f61dca8946b36fa457a066faca,606,$FUTBOL
58fdae9e-3419-45eb-9e99-69364ade0a7d,4850,ChrisPercedes,chri35086,chrisparedes0843,1260557361613901890,0x25dbb0643539a8b00fe77bc3d1a0b5aca362a9bf,606,$FUTBOL
cb953281-8ac8-471f-805b-3c12d6e25b3a,4850,kanchon,Kanchon547129,kanchon0520,1260031459771678791,0x22daee6e2dfd362eeed3d74cd67cddeaa1ecd216,606,$FUTBOL
857c12bb-5507-4476-a70f-2e7470a3176e,4850,KarolinaF,Karolina16662,karolina080051,1260559525765709947,0x0d9bb3307158558deb76991b3e43411b5d523040,606,$FUTBOL
2bdd7e13-7262-4ac4-aa6b-5cc9b28c7f00,4850,venturajunior,forixen,venturajunior,1024063627872972860,0x69740951526322e4aa3d69fe606ea289110dea34,606,$FUTBOL
da53ace2-c7c0-4d1f-9242-bb4cc208535a,4850,Marium,gmarium38,marium0174,1260560107314348113,0x32c3c08acf66d159ee07ef4de4ca163e84d85e8f,606,$FUTBOL
aa382518-64bd-4116-9c10-5fb5a956c624,4850,Motleb,moltebali24,motleb.,1269769875170267270,0x5cd407c71a1f02b32c6824774411dbbacfc4a52c,606,$FUTBOL
30fb151d-1430-4a78-a56e-5b17b5d287cf,4850,JohnyDeph,johnydeph31,johnydeph.,1260561524636782664,0xacce226c5b75ff027fff232014c685f7d356d2f1,606,$FUTBOL
92a62c4e-f451-461a-b04d-6a15f127dc1f,4850,JimmyC,JimmyBmasiha87,jimmy031760,1260560789237141568,0x6346db1b093baa85e100da2940ae177c78375c15,606,$FUTBOL
533b7411-4707-42b4-963c-699518410c15,4850,Jakiryu,jakiryu734,jakir0437,1272347500182765641,0x756257b19a233947659b468e7b8f2a8b936d8896,606,$FUTBOL
e87ade22-36d7-4e6b-959e-230340878600,4850,Rahimh,654hg43,rahim02246,1272340475470286949,0x0b202ad04c528635d5c9ac7ad04513cbb1b4aef6,606,$FUTBOL
666d1775-7487-4aef-b0a5-a6b457329cf8,4850,Scarlet4,scarlet2567s,scarlet0760,1269780838774607948,0x27086a4afbcb3123098c589c06114a989beb1841,606,$FUTBOL
033d8c1c-3095-4dcc-92ff-d60799f45b27,4850,korimbd,ddkorim702,korim07986,1272348010331897888,0x60175b3e5532abbfa21938b475087ddb893a5f91,606,$FUTBOL
b2041131-235c-474e-bfa1-f0fbf245e245,4850,nazrul_2fg,Mustakim397684,nazrul23,1133685997226438817,0x1a6442925c7355b71dfc66c5eb83607393f1e841,606,$FUTBOL
36c0cc51-3dd4-416d-b558-a58840557cbb,4850,Golden_Boiyy,theo001_,sifon0606,1234457398828335177,0x6241ee901855d442bdffee525052bd728cb448e5,606,$FUTBOL
1ca84ea6-4ac0-4636-b1fd-4200534d15c8,4850,OG_Stacks,OGopzy,og_sam001,1116839115812520077,0x12c2c1c004160d5cb156bc0e3db3f51007546c96,606,$FUTBOL
efc028f0-0e7f-4739-873a-dac2e827bb34,4850,Medipankarco,mamataquxp,dipankarco,1226031810799075478,0xcd9b79a182bc22d993f0eed812b3bd8c239c4ba2,606,$FUTBOL
f5a749fb-a588-43d2-97d3-4e2b5d77c3b7,4850,Sakama,mustaphasalihum,mustyjamz,1281640036512694292,0x4de574040995adfe15e976e48b1379f9723ca17c,606,$FUTBOL
75247b88-2956-41eb-9f46-84228088fb28,4850,Pinky485,Rogers1880292,roughrider0797,1203256045829619776,0x55d8abedb49991e082bc509dc0715df7d74d889b,606,$FUTBOL
0fe3eae8-3cc9-4282-a12c-d8ceb509e32e,4850,andiharianto,andy30hary,andiharianto,919422987420205096,0x8d8deb74541d88e28d1ec8fe65c6d22a9d9db2d9,606,$FUTBOL
9bb10411-dd6b-4b82-9096-6b33896a5e7a,4850,Lokiyy,lokyiiiy,lokyyi_49165,1374470764157337781,0xe74c6e4b2035fbaf0d2d8737fb59f163e63c5eab,606,$FUTBOL
b5de366c-ccda-42bc-81d9-fbca73ae940f,4850,Aakash1,Aakaash37555165,aakashnikum,762957603730620446,0x2a5998d6848b7fb960e265057c51ce75163a2eb7,606,$FUTBOL
922f5ab7-cc25-4865-b1c0-bf4072152b82,4850,jeevansakla,jeevansakla,jeevansakla,1139574181323870248,0xe2ca5d834d2c8ab3decf2c7120c6a6ef3b191178,606,$FUTBOL
fdf22d8c-8a32-45fc-a3f3-2849e3c6c268,4850,Crypt2.0,Blingles_crypt,blingles_crypt,1115663873614286858,0xdc6c975f38b4584d05eaf919f84390d31bd21e42,606,$FUTBOL
e8069882-cee4-432a-b096-2ff64b8d3659,4850,Hemzeeboii,hemzeeboii,hemzeeboii,1255555746817638410,0x1f435ed8cd8d8ede535873ca507abda613067821,606,$FUTBOL
e8240d3d-ffb3-4a6c-9271-da20cdc57c22,4850,HeyJago,TiimGod,tiimisgod,807402074374930442,0x2a8205b77d281d3afbc77cb08cb15527ea9c863b,606,$FUTBOL
3ed66e6a-cb43-424c-b5b4-f8479a487fbf,4850,joice,fyny59962202,jessyyyln_38670,1199961922259386388,0x1c0ceae9b421f152e34f4f368dd327ee8cd3770a,606,$FUTBOL
ecaf7e2f-716f-406b-9f98-a8ca9fe46e17,4850,i_NeEd_YoU_MoNeY_,Mozammel16123,mht0007,1030098260053999647,0x86ef906a98da02a3dec75600038f495f47306d7f,606,$FUTBOL
7840ea21-2d80-4fc2-ac04-bea47adf4938,4850,Spenxerr,Giggyy141551,kinggyyy,1200703737153454131,0x0671d379f26cb74730248b2f03facb9dc70dc077,606,$FUTBOL
d6a60f8c-844c-4bf6-9304-2648c322d782,4850,Natsmart,Agent_Natsmart,natsmart_,1024688747687710750,0xd79e807811c9bb33385fbfaae68c7b57d74878b9,606,$FUTBOL
7df79848-f7d5-4ad5-9357-35b159c19ebb,4850,Fineboy,Fineboybella490,fineboy_69721,1145105381929001070,0x70441e63f1f5513bf78e97adbcc907983145e67f,606,$FUTBOL
31e61943-e137-4e79-b6d5-798cdeff3c2b,4850,Vor_tex,Veekthor42,veekthor234,1169035766077329611,0xc1e7d038d933f755ba9a36187571bb7e77eabf8c,606,$FUTBOL
0f03a0d3-e96c-4a2e-9401-3296cd4fa4cc,4850,shugaberry,CuteShugaberry,shugaberry001,1081864905319260193,0xddb6c6782c739b3114f607ccaf4862057eea823f,606,$FUTBOL
8573d3ff-8556-4ed6-b3d8-6f5f236b16b9,4850,Kingsley..,Aidangbekingsl4,kingsleyaidangbe,885696855613247488,0x98f07de1765a688d569c823134a4a36b56d60ac1,606,$FUTBOL
c3635829-d516-46f9-a9b9-f44ae5bda152,4850,KinngK,MDSJakes,kingkilo94,1310894875700494362,0x32940d0e0dc2383145309a49a47dce2cc3d7fc2a,606,$FUTBOL
5a635ab2-eb89-4302-ac20-ce915105b795,4850,Lemlaclaim.,Trusted00000,trusted000,1161633121729523834,0x1483d2e8b182f146e575f60eb712b6d632d2de88,606,$FUTBOL
b26f228c-132c-45b3-b558-3fd518844c20,4850,HARAN,mudiakvwe,mercy_seat,1259933634803138570,0xa78b61b94ec204d0f9c6f7aa96cecf2fdb929aa8,606,$FUTBOL
a52620e5-f2a7-442a-9237-f1e153250c4b,4850,IvarTheBoneless,ravalyn,ivartheboneless5778,959886334091227156,0xb7e194208098ab57ed5f53d695b95226cd30036b,606,$FUTBOL
c3ba6d72-e1eb-47a3-b0fb-b21d13b3c9bc,4850,crypto_queen,ijeoma_micah,cryptoqueenrenec,1052524898750308394,0x3fdd2a5fbdcc2b32a62cf929d8e2eaa5b36743d2,606,$FUTBOL
dc048faa-c014-4c24-83d0-8ee6470cf826,4850,Morning.star,Etienne0889,plutoboy2,1252287335236898931,0xe25677108aa003b1ebd0de16d3cc89c6982a0c2c,606,$FUTBOL
e6c36cab-5aed-4f37-b2d1-5ec9a3f848f6,4850,umiomtimothy30,UmiomTimothy,timjosh.,900633833030959134,0x495b2909ce7a9286197897adc75bc39297881d4a,606,$FUTBOL
1f3864d7-a8fc-4db6-a7ca-b3a0ae6724ec,4850,darkfisty,dark_fist12,darkfisty,950530873772630038,0x8a16816cb407c41ae606a975b8174594b48f85c8,606,$FUTBOL
c2c5c333-6f83-45f3-95da-5f1e7210cf31,4850,14yepp,Seo_14dark,fist14,1056547615954702436,0x5266942277a244740499b70d81f65555bb3177ce,606,$FUTBOL
7a533ae9-18b0-4ccb-8125-db7b39d352fb,4850,Anton_Saputra,gatotjaya424,antonsuiswap,962618252259897416,0xc4a9ee62f163a4f8e12dbd6000622acb5ffb35e9,606,$FUTBOL
bf85e1ac-9877-4995-9b5a-2b989374848c,4850,Eaglesheight,Eaglesheight07,eaglesheight,1094333250333319258,0x9a159f13fe1d65cda8511d65a551ad5b8c584e78,606,$FUTBOL
77608ac0-b4be-45c6-a29a-dbcf8f710733,4750,I.T.M.H,itmh100,i.t.m.h,973992344158339162,0xaa56ecc89d09e3a147aaa0e727d9cb2965b0046b,606,$FUTBOL
2d990a95-d1d8-42c4-a5bf-3333c5152cc6,4750,911,09eleven_,09eleven.,1240209132846448663,0x8be659b8bb0254ef94f2583d7db8d1bca088688e,606,$FUTBOL
56f598ce-aeda-4aef-8106-854500969e9a,4750,Jannatun,janna32850,jannatunpriya,1272352851011833938,0x5a89031d8d3a383207f9cf9a8120d8b479deee54,606,$FUTBOL
f6c71113-7a20-4d97-b24c-d9e13d72fd51,4750,Riya098,RiyaTsyyy67,riya098290,1272356703479791636,0x75bb4673224ccf32d9c4b2747e59c4bc698dfd91,606,$FUTBOL
b1733bb7-8207-4120-a697-ab087b25915a,4750,Rajveerkhan,khanrajveer696,rajveer03707,1274182272169410642,0x96948ce5cd981d3c7e237c5dd7791a0f32edff9a,606,$FUTBOL
b8de8f84-23d9-4760-a20c-5a2902a5d758,4750,MimiKhatun,Ataur268677,mimi003544,1274182674969399317,0xab36309a96df32787e09b60fd185d30e22a96a85,606,$FUTBOL
2d4b70b9-d611-449c-a4cd-2c26ac255036,4750,tahsan1s,Rana1033226,tahsan0842,1274183175756582974,0x34db8c906ad44bb844e27d4bb339037ed7419386,606,$FUTBOL
f608eeb6-f169-4d7b-b9d3-9ae39344d087,4750,JesikaJJ,khan32009,jesika03040,1274184294855872515,0x059e64aa2ec323c31c597d5f2c7b3cf3cc65d9b0,606,$FUTBOL
b947ea22-3bd4-49c5-9b9d-ddb53dd14d93,4750,Sumon132,Prothom746715,sumon03581,1274184935036424302,0x92741b07fd1073d524502a619737eced994abbef,606,$FUTBOL
b1524249-4065-4a60-8ea2-0072b6d63ad5,4750,PeterPP,peter452p,peter032706,1274185801995124755,0xdc12df909528db395f8c416a61f5408a72e831d6,606,$FUTBOL
7145b2d9-27da-4320-9067-662a5de95642,4750,Sophia35,Rini1218867,sophia029209,1279184493173018791,0x061ee6d92a7fafbad6f35aebb95c9c793d54a071,606,$FUTBOL
3d7c7d1f-903d-48fc-bd96-355ec19a89f5,4750,JosephJA,joseph456jsp,joseph02702,1291724042067509311,0x2cd73e02d546ec54e426b2d36ffa0e435706e140,606,$FUTBOL
a8dd55ab-a590-4416-87d2-158db24c1e17,4750,Touhiddd,touhid567t5,touhid0373,1291717408486195207,0x25c35cef271d1a6c17a83b93dd855e87399771d2,606,$FUTBOL
d5eb0d31-272d-4f0a-bee6-4b9f846f7db9,4750,Salim70,salim346khanss,salim01740,1291718121068957706,0x89ac2e3cc48d1b3c37b49bc0d3ad7ad7695c6c17,606,$FUTBOL
2aa88d6f-2b96-4416-af08-00abc0803c09,4750,Rajivkhan,rajiv46673,rajiv0128,1291718524212871208,0x0f2646892883d59fc453a7efc79f6a9a50577f0d,606,$FUTBOL
e659d83e-32a6-4ca4-a7be-11e22a0a2d17,4750,Mahabur532,mahabur4221,mahabur0944,1291719126586232883,0x842f4022e492dfcdaff02d3317c3838dd8de6e95,606,$FUTBOL
4b03dcb3-9cbd-45c6-8c75-f52b92f534a9,4750,HenryHH,henry665hen,henry002723,1294741864368570378,0xe8c34266ea9c05b2e983d04183b4d26ad772a26e,606,$FUTBOL
fe8e2af0-3a7d-4df7-ad22-72a50a71d8ae,4750,Rockeyy,rockeykhan487,rockey0298,1291719615457787984,0x3e9181f8564b7df89f004555854d3f752a08d11c,606,$FUTBOL
0b0a2e08-3586-4745-aaf8-539d14f68cea,4750,Jerinnn,jerin467jj,jerin05979,1291720033025916950,0x8dccdedfca54b53ced4a143d6a3c370e643045ad,606,$FUTBOL
18d5de9c-7def-4259-a6b3-e87a0a86e5f8,4750,Anabele,anabele6644,anabele0548,1291720705641025590,0x4d8b2478e475a963ac108bdda8992e79bd4fe951,606,$FUTBOL
4a0334c6-6180-44ef-8604-e7f18c142001,4750,MIKEE,mike345mk,mike006671,1291722378883239937,0x768b22e28176e4939e06e6edbabaf0d58601b971,606,$FUTBOL
7be26388-678a-4ff6-bc28-e6b5be5596ba,4750,DaveDav,dave543da,dave678dave,1291723300380086283,0x4db789eb103238224a2afe4aa8af9c7bfbeecd86,606,$FUTBOL
6aa4ef41-2654-4944-8468-1c6fba78287c,4750,Romannoo,toma1758494,roman016964,1350214413713539084,0x0fb5eb27d7c3df7e1ed17c513f6212cae58c972b,606,$FUTBOL
dee74e41-97d2-41c8-adb5-a6fd0861afe3,4750,DanielRojario,rifa331114,daniel085356,1350215922224337098,0xc17c7e5ef518a9688cbd4114ced78ad15036bac6,606,$FUTBOL
b89f9e5a-7c46-4e91-b5f3-3a72d8a16777,4750,SauceG,risa686366,sauce0186_60953,1350216752797323400,0x7c644cdfd0e032b6782117069a7bff931ccda11e,606,$FUTBOL
39f1a56e-6ce9-41fa-b9fe-43a660bc7e4a,4750,BuggattiChiron,Grandsonfrdao,zealynewbee,1248407693304270899,0xa82bd56e7f1997fe272a6c18af8e6001ff3ee9ce,606,$FUTBOL
3680d254-39d8-4267-a10e-b2e245481200,4750,The_Dark_Knight,Alpha_manaic999,cryptomanaic999,1248399077377314826,0xea087f95e6f097b1154d0bae0862188b9d8f8c6d,606,$FUTBOL
25420952-5215-4291-8521-6914f7b5d5b1,4750,JDiegoViP,jdiegovip,jdiegovip,422639975436124170,0xd4f6b38673aeb94debcfbe5c0ea94b2fb49b28d6,606,$FUTBOL
43db7ed8-8ea9-407d-a174-bd74b5cc25de,4750,Australia Crypto CMY,leona_biancaa2,angga45,930793030070439957,0x49634184038c45f937dc7e13add22d1a20a02728,606,$FUTBOL
359b988b-f7fe-4bc2-8f11-d55b2fb93b80,4650,Shaw_1,shawnana482,shaw0643,1361409067339485334,0xbe5c4e50bb48916edae3d23312f8211cfe652b0b,606,$FUTBOL
cd86ad78-001d-47d9-b0e4-9643baf21082,4650,Aurorais_,Aurorais_,aurorais_,964295770054471710,0x1100311a715b3d573be0d3d1c9a8633d801779dc,606,$FUTBOL
8d529ee3-6b64-4179-84f3-a707ad11a2b6,4450,Makeitoo,sturdylam,hourich.001,1183883613020901528,0x1bfa7df3b8e1367ef58d0e4290fc83fbeeab8973,606,$FUTBOL